tagnum,da_mm,db_mm,dc_mm,mass,UpstreamSite,ControlSite,PRRSite,site,wavenum,placeddate
%d,%f,%f,%f,%f,%d,%d,%d,%d,%d,%s
1,60,36,27,64.4,0,0,1,2,1,
2,45,43,22,58.2,0,0,1,2,1,
3,46,38,32,76.9,0,0,1,2,1,
4,79,46,36,179.9,1,0,0,1,1,
5,53,43,27,80.5,0,0,1,2,1,
6,51,37,31,89.5,0,0,1,2,1,
7,47,43,30,84.9,0,0,0,0,1,
8,45,42,37,92.7,1,0,0,1,1,
9,40,39,24,52.8,0,0,1,2,1,
10,42,38,27,63.8,0,0,0,0,1,
11,54,41,30,81.5,0,0,0,0,1,
12,58,46,38,145.3,1,0,0,1,1,
13,64,40,22,86.1,0,0,1,2,1,
14,39,39,29,56.1,0,0,1,2,1,
15,49,31,28,59.2,0,0,0,0,1,
16,67,39,31,109.8,0,0,0,0,1,
18,63,42,30,117.1,0,0,1,2,1,
19,64,45,24,98.5,0,0,0,0,1,
20,55,43,34,127.9,1,0,0,1,1,
21,74,48,30,112,1,0,0,1,1,
22,67,45,33,130.4,1,0,0,1,1,
23,66,45,32,128.4,1,0,0,1,1,
24,47,34,29,55.1,0,0,0,0,1,
25,69,36,27,106.8,0,0,1,2,1,
26,54,39,24,61.6,0,0,0,0,1,
27,62,37,28,91,0,0,0,0,1,
28,68,39,25,93.7,0,0,1,2,1,
29,52,43,30,99.6,0,0,0,0,1,
30,45,44,28,85.5,0,0,0,0,1,
31,63,43,32,102.5,0,0,1,2,1,
32,53,46,32,101.8,0,0,0,0,1,
33,44,37,36,93,0,0,0,0,1,
34,43,36,29,64.4,0,0,1,2,1,
35,61,43,24,88.7,0,0,1,2,1,
36,66,32,29,78.2,0,0,1,2,1,
37,49,35,20,53.2,0,0,0,0,1,
38,44,34,31,56.4,0,0,0,0,1,
39,47,39,34,87.7,0,0,0,0,1,
40,89,58,36,274.2,0,0,1,2,1,
41,63,46,29,125.8,0,0,1,2,1,
42,90,53,49,297.4,0,0,1,2,1,
43,57,47,30,86.4,0,0,0,0,1,
44,88,51,49,160.7,0,0,1,2,1,
45,82,56,44,259.9,0,0,1,2,1,
46,53,46,44,137.5,1,0,0,1,1,
47,75,60,35,160.9,0,0,1,2,1,
48,116,74,54,565.8,1,0,0,1,1,
49,73,63,45,272,0,1,0,3,1,
50,65,55,49,167.6,0,0,1,2,1,
51,68,58,33,179.4,0,0,1,2,1,
52,53,51,31,106.4,0,0,0,0,1,
53,56,47,30,104.7,0,0,0,0,1,
54,50,45,42,120.8,0,0,1,2,1,
55,55,49,25,81.6,1,0,0,1,1,
56,73,52,35,155.5,0,0,0,0,1,
57,77,53,45,187.3,0,0,1,2,1,
58,78,62,35,242.6,0,0,1,2,1,
59,78,46,46,199.9,0,0,1,2,1,
60,62,50,31,121.2,0,0,1,2,1,
61,65,45,41,128.6,1,0,0,1,1,
62,71,51,28,148.6,0,0,0,0,1,
63,69,57,36,158.8,0,0,1,2,1,
64,55,47,21,92.5,1,0,0,1,1,
65,66,53,39,206.3,0,1,0,3,1,
66,65,44,30,128,0,0,1,2,1,
67,56,51,43,181.4,0,0,1,2,1,
68,78,55,34,167.5,1,0,0,1,1,
69,82,43,25,104.9,0,0,1,2,1,
70,66,51,23,128,0,0,1,2,1,
71,80,44,35,213.8,1,0,0,1,1,
72,67,56,30,109.1,0,0,1,2,1,
73,56,53,34,134.5,0,0,1,2,1,
74,70,58,25,143.4,0,0,1,2,1,
75,97,57,43,275.3,0,0,1,2,1,
76,108,71,60,783.6,0,1,0,3,1,
77,87,86,52,656.8,0,1,0,3,1,
78,96,78,51,609.9,1,0,0,1,1,
79,102,76,50,569.5,1,0,0,1,1,
80,110,84,82,763.8,1,0,0,1,1,
81,85,81,41,406.1,1,0,0,1,1,
82,113,77,65,785.5,0,1,0,3,1,
83,84,76,73,611.3,1,0,0,1,1,
84,66,60,46,219.8,1,0,0,1,1,
85,72,71,37,275.3,0,0,0,0,1,
86,96,76,42,461.9,0,1,0,3,1,
87,97,71,38,285.6,1,0,0,1,1,
88,75,65,22,173,1,0,0,1,1,
89,95,77,32,318.8,1,0,0,1,1,
90,105,76,45,438.3,1,0,0,1,1,
91,82,64,39,259.8,0,1,0,3,1,
92,86,74,44,339,0,0,1,2,1,
93,93,58,48,285.7,0,0,1,2,1,
94,85,82,45,375.9,1,0,0,1,1,
95,81,75,42,338,0,0,1,2,1,
96,86,80,44,377.9,1,0,0,1,1,
97,79,49,47,240.6,0,1,0,3,1,
98,78,57,51,316.8,1,0,0,1,1,
99,86,65,48,319.6,0,0,1,2,1,
100,92,61,26,237.2,0,0,1,2,1,
101,88,66,64,455,1,0,0,1,1,
102,83,73,37,294.2,0,0,1,2,1,
103,125,84,41,570.1,1,0,0,1,1,
104,82,71,62,417.8,0,0,1,2,1,
105,72,57,46,270.1,0,0,1,2,1,
106,154,68,65,1178.2,0,1,0,3,1,
107,92,66,41,353,1,0,0,1,1,
108,65,59,48,277.5,0,0,1,2,1,
109,149,75,50,824.7,0,0,1,2,1,
110,86,74,48,356.1,0,1,0,3,1,
111,73,58,35,196.4,1,0,0,1,1,
113,97,96,48,665.9,0,0,1,2,1,
114,120,97,47,627.7,1,0,0,1,1,
115,151,115,43,793,0,0,1,2,1,
116,141,97,59,1030.2,0,0,1,2,1,
117,148,116,67,1688.5,0,0,1,2,1,
118,124,81,78,1118.4,0,1,0,3,1,
119,127,92,58,805.6,0,1,0,3,1,
120,98,84,43,447.9,1,0,0,1,1,
121,133,67,45,726.8,0,1,0,3,1,
122,102,95,63,923,0,0,1,2,1,
123,98,76,45,379.1,0,1,0,3,1,
124,114,67,42,334.1,0,0,1,2,1,
125,96,65,34,293.4,0,0,1,2,1,
126,108,54,39,332.3,0,0,1,2,1,
127,120,94,80,1220.8,0,0,1,2,1,
128,115,87,66,638.4,0,0,1,2,1,
129,121,104,103,1613.6,0,0,1,2,1,
130,97,89,75,795.8,1,0,0,1,1,
131,118,88,70,892.7,0,1,0,3,1,
132,106,74,66,689.9,0,1,0,3,1,
133,115,87,44,682.6,0,1,0,3,1,
134,142,84,59,609.7,0,1,0,3,1,
135,147,111,82,1615,0,0,1,2,1,
136,153,122,52,1522.4,0,0,1,2,1,
137,143,102,82,1585.4,0,0,1,2,1,
138,157,89,86,1793.6,0,0,1,2,1,
139,225,131,75,2729.1,1,0,0,1,1,
140,107,103,78,1020.6,0,1,0,3,1,
141,120,105,73,1282.8,0,0,1,2,1,
142,217,121,120,6195,0,0,1,2,1,
143,129,101,79,1306.4,0,1,0,3,1,
144,203,122,121,4561.2,0,1,0,3,1,
145,318,97,94,4599.3,1,1,0,1,1,
146,230,123,120,4220.2,0,0,1,2,1,
147,192,135,77,3820.5,0,1,0,3,1,
148,206,149,116,5132.4,1,0,0,1,1,
149,190,153,83,2833.2,0,0,1,2,1,
150,159,130,103,3467.7,0,0,1,2,1,
151,195,157,123,5310.1,0,0,1,2,1,
152,158,137,110,3723.7,0,1,0,3,1,
153,144,102,73,1242.8,0,1,0,3,1,
154,159,144,86,3349.4,0,0,1,2,1,
155,170,160,70,3051.8,0,0,1,2,1,
156,306,182,86,5433.3,1,0,0,1,1,
157,150,91,58,1103.6,0,1,0,3,1,
158,170,126,42,1369.7,0,0,1,2,1,
159,128,112,65,1551.1,0,0,1,2,1,
160,160,137,95,3450.2,1,0,0,1,1,
161,219,170,150,7488.9,1,0,0,1,1,
162,257,172,113,6630.1,1,0,0,1,1,
163,214,179,112,4385.5,0,0,1,2,1,
164,187,173,76,3364.2,0,1,0,3,1,
165,261,193,168,12098.1,1,0,0,1,1,
166,233,190,95,6704.7,1,0,0,1,1,
167,236,178,108,5462.1,1,0,0,1,1,
168,191,176,85,4278.5,0,1,0,3,1,
169,258,184,82,4537.7,0,1,0,3,1,
170,139,113,111,2817.5,0,0,1,2,1,
171,168,157,80,3217.9,1,0,0,1,1,
172,218,140,67,3023.1,0,0,1,2,1,
173,198,163,26,998.2,0,0,1,2,1,
174,53,53,29,78.3,0,0,1,2,1,
175,74,55,27,178.4,0,1,0,3,1,
176,49,46,25,63.9,0,0,0,0,1,
177,65,53,35,170.5,0,1,0,3,1,
178,74,46,41,178.7,0,0,1,2,1,
179,62,48,46,146.3,0,1,0,3,1,
180,69,49,28,158.1,0,0,1,2,1,
181,53,52,36,121.5,0,0,0,0,1,
182,60,55,33,153.8,0,0,1,2,1,
183,65,50,22,95.3,0,0,1,2,1,
184,63,42,26,106.9,0,0,0,0,1,
185,79,57,32,140.4,0,0,1,2,1,
186,64,47,24,113,0,0,0,0,1,
187,59,55,33,106.3,1,0,0,1,1,
188,59,43,30,93.2,0,0,1,2,1,
189,60,46,34,127.3,0,1,0,3,1,
190,63,49,23,96.7,0,0,0,0,1,
191,70,51,40,173.7,0,0,0,0,1,
192,72,57,40,206.3,0,0,1,2,1,
193,62,46,43,183.8,0,0,1,2,1,
194,70,48,29,140.6,0,0,1,2,1,
195,64,50,32,119.2,1,0,0,1,1,
196,69,56,22,93.1,0,0,1,2,1,
197,56,44,29,105.6,0,0,0,0,1,
198,68,49,31,111.3,1,0,0,1,1,
199,62,52,32,122.9,0,0,1,2,1,
200,64,40,38,126.8,0,0,1,2,1,
201,54,42,42,131.5,1,0,0,1,1,
202,60,45,33,122.4,0,0,0,0,1,
203,57,47,27,83.8,1,0,0,1,1,
204,62,44,38,149.6,0,0,1,2,1,
205,58,46,27,99.6,0,0,1,2,1,
206,59,31,18,36.2,0,0,1,2,1,
207,36,31,19,34.3,0,0,1,2,1,
208,37,32,22,36.6,0,0,1,2,1,
209,29,28,23,21.8,0,0,1,2,1,
210,46,39,28,65,0,0,0,0,1,
211,54,38,27,63.5,1,0,0,1,1,
212,38,24,19,24.4,0,0,1,2,1,
213,75,31,22,62.8,1,0,0,1,1,
214,43,36,35,70.9,0,0,1,2,1,
215,50,44,29,65.3,0,0,1,2,1,
216,52,41,25,71.5,0,0,0,0,1,
217,48,28,22,41.5,0,0,1,2,1,
218,39,32,23,38.6,0,1,0,3,1,
219,51,36,30,65.1,0,0,0,0,1,
220,38,35,23,44.6,1,0,0,1,1,
221,46,29,21,31.6,0,0,1,2,1,
222,30,24,20,20.8,0,0,1,2,1,
223,68,46,45,172.6,0,1,0,3,1,
224,51,47,27,68.4,0,0,0,0,1,
225,71,46,36,151.4,0,0,1,2,1,
226,61,45,26,102.6,0,0,1,2,1,
227,58,51,43,175.8,1,0,0,1,1,
228,52,49,13,66.8,0,0,0,0,1,
229,48,28,21,34.4,0,0,1,2,1,
230,49,32,25,51.2,1,0,0,1,1,
231,34,33,22,29.3,0,0,1,2,1,
232,34,31,20,28.4,0,0,1,2,1,
233,35,32,24,29.9,0,0,1,2,1,
234,63,29,20,41.4,0,0,1,2,1,
235,39,29,17,19.3,0,0,1,2,1,
236,50,31,16,33.9,0,0,1,2,1,
237,44,31,24,36.8,0,0,1,2,1,
238,29,26,17,17.6,0,1,0,3,1,
239,60,42,18,60.8,0,0,0,0,1,
240,41,32,16,25,0,1,0,3,1,
241,33,26,20,26,0,1,0,3,1,
242,55,39,23,64.5,0,0,0,0,1,
243,52,37,24,56.8,0,0,1,2,1,
244,28,25,24,22.4,0,1,0,3,1,
245,34,27,20,27.3,0,1,0,3,1,
246,48,38,17,45.7,1,0,0,1,1,
247,48,40,20,46.5,0,1,0,3,1,
248,52,39,22,53.6,0,1,0,3,1,
249,37,28,24,31.9,0,1,0,3,1,
250,32,25,14,12.6,0,0,1,2,1,
251,58,30,21,50.8,1,0,0,1,1,
252,42,29,19,25.7,1,0,0,1,1,
253,35,30,21,24.7,1,0,0,1,1,
254,32,29,29,33.3,0,1,0,3,1,
255,47,37,19,39.8,1,0,0,1,1,
256,32,26,26,29.3,1,0,0,1,1,
257,36,24,21,23.4,1,0,0,1,1,
258,51,27,23,42.6,1,0,0,1,1,
259,41,34,19,41,1,0,0,1,1,
262,143,80,70,1172.6,1,0,0,1,1,
269,125,84,65,982.5,1,0,0,1,1,
270,115,86,65,757.1,1,0,0,1,1,
273,108,88,56,924.4,0,0,1,2,1,
283,211,173,123,5437,1,0,0,1,1,
284,159,125,122,3503.9,1,0,0,1,1,
285,219,169,122,6399.3,1,0,0,1,1,
286,99,73,44,484.1,0,0,1,2,1,
287,115,82,47,639.1,1,0,0,1,1,
288,92,77,52,443,0,1,0,3,1,
289,84,81,67,469.5,1,0,0,1,1,
290,96,83,47,615.1,0,1,0,3,1,
291,88,66,33,257.2,0,1,0,3,1,
292,64,58,40,255.6,0,0,1,2,1,
293,99,60,35,281.3,1,0,0,1,1,
294,74,68,47,294.5,0,0,1,2,1,
295,96,65,37,286.7,0,1,0,3,1,
296,78,62,40,274.5,0,1,0,3,1,
297,80,79,47,306.6,1,0,0,1,1,
298,65,56,49,274.7,0,0,0,0,1,
299,81,53,49,282.4,1,0,0,1,1,
300,74,56,53,255.5,0,1,0,3,1,
301,48,38,24,56.7,0,1,0,3,1,
302,54,31,30,82.9,1,0,0,1,1,
303,45,33,30,59.3,0,0,1,2,1,
304,44,34,29,52.4,1,0,0,1,1,
305,45,38,22,50.1,0,1,0,3,1,
306,42,36,22,50,0,1,0,3,1,
307,225,195,45,,1,0,0,1,1,
308,380,260,250,,1,0,0,1,1,
309,320,250,80,,1,0,0,1,1,
310,355,499,300,,0,1,0,3,1,
311,310,334,190,,0,1,0,3,1,
312,610,380,300,,0,1,0,3,1,
313,260,260,160,,0,1,0,3,1,
315,,216,,,0,0,1,2,1,
316,,456,,,0,0,1,2,1,
317,,215,,,0,0,1,2,1,
318,,350,,,0,0,1,2,1,
319,,255,,,0,0,1,2,1,
320,,350,,,0,0,1,2,1,
321,,180,,,0,0,1,2,1,
322,,205,,,0,0,1,2,1,
323,,252,,,0,0,1,2,1,
324,,278,,,0,0,1,2,1,
325,,157,,,0,0,1,2,1,
326,,500,,,0,0,1,2,1,
327,,300,,,0,0,1,2,1,
328,,211,,,0,0,1,2,1,
329,,258,,,0,0,1,2,1,
330,,205,,,0,0,1,2,1,
331,,179,,,0,0,1,2,1,
332,,211,,,0,0,1,2,1,
333,,170,,,0,0,1,2,1,
334,,173,,,0,0,1,2,1,
335,,129,,,0,0,1,2,1,
336,,360,,,0,0,1,2,1,
337,,258,,,0,0,1,2,1,
338,,258,,,0,0,1,2,1,
339,,232,,,0,0,1,2,1,
340,,420,,,0,0,1,2,1,
341,,265,,,0,0,1,2,1,
342,,203,,,0,0,1,2,1,
343,,305,,,0,0,1,2,1,
344,,256,,,0,0,1,2,1,
345,,331,,,0,0,1,2,1,
346,,218,,,0,0,1,2,1,
347,,279,,,0,0,1,2,1,
348,,220,,,0,0,1,2,1,
349,,300,,,0,0,1,2,1,
350,,232,,,0,0,1,2,1,
351,,195,,,0,0,1,2,1,
352,,165,,,0,0,1,2,1,
353,,176,,,0,0,1,2,1,
354,,138,,,0,0,1,2,1,
355,,122,,,0,0,1,2,1,
356,,220,,,0,0,1,2,1,
357,,195,,,0,0,1,2,1,
358,,180,,,0,0,1,2,1,
359,,207,,,0,0,1,2,1,
360,,152,,,0,0,1,2,1,
361,,190,,,0,0,1,2,1,
362,,150,,,0,0,1,2,1,
363,,240,,,0,0,1,2,1,
364,,185,,,0,0,1,2,1,
365,,165,,,0,0,1,2,1,
366,,222,,,0,0,1,2,1,
367,,224,,,0,0,1,2,1,
368,,119,,,0,0,1,2,1,
369,,184,,,0,0,1,2,1,
370,,146,,,0,0,1,2,1,
371,,178,,,0,0,1,2,1,
372,,116,,,0,0,1,2,1,
373,,177,,,0,0,1,2,1,
374,,143,,,0,0,1,2,1,
375,,184,,,0,0,1,2,1,
376,,98,,,0,0,1,2,1,
377,,110,,,0,0,1,2,1,
378,,165,,,0,0,1,2,1,
379,,140,,,0,0,1,2,1,
380,,117,,,0,0,1,2,1,
381,,136,,,0,0,1,2,1,
382,,159,,,0,0,1,2,1,
383,,150,,,0,0,1,2,1,
384,,120,,,0,0,1,2,1,
385,,142,,,0,0,0,0,1,
386,,157,,,0,0,1,2,1,
387,,192,,,0,0,1,2,1,
388,,146,,,0,0,1,2,1,
389,,111,,,0,0,1,2,1,
390,,115,,,0,0,1,2,1,
391,,140,,,0,0,1,2,1,
392,,120,,,0,0,1,2,1,
393,,165,,,0,0,1,2,1,
394,,129,,,0,0,1,2,1,
395,,139,,,0,0,1,2,1,
396,,140,,,0,0,1,2,1,
13092,27,22,19,15.4,0,1,0,3,1,
13181,27,25,14,12.5,1,0,0,1,1,
13454,42,20,17,16.9,1,0,0,1,1,
13604,32,27,17,18.4,0,0,1,2,1,
13655,23,21,17,10.8,0,0,1,2,1,
13681,27,26,17,26.7,1,0,0,1,1,
13890,26,19,18,9,1,0,0,1,1,
13893,24,18,17,7.9,0,0,1,2,1,
13911,21,17,11,5.3,0,0,0,0,1,
13929,30,21,15,9.9,0,0,1,2,1,
13934,26,25,12,21.3,1,0,0,1,1,
13966,25,21,14,8.9,0,0,0,0,1,
14120,26,21,15,7.3,0,0,1,2,1,
14140,38,25,21,29.7,0,1,0,3,1,
14159,37,27,21,26.5,0,0,1,2,1,
14185,39,26,22,48.9,1,0,0,1,1,
14205,30,20,18,13.8,0,1,0,3,1,
14211,40,29,16,21.6,0,0,1,2,1,
14214,31,26,18,18.4,0,0,1,2,1,
14422,35,23,15,35.2,0,0,1,2,1,
14443,33,22,16,13,0,0,1,2,1,
14455,26,19,13,8.9,0,0,0,0,1,
14464,33,30,16,34.4,0,0,1,2,1,
14645,30,20,19,11.7,1,0,0,1,1,
14649,29,28,18,16.2,1,0,0,1,1,
14700,25,18,14,7.1,0,0,1,2,1,
14726,37,27,18,23.1,0,0,1,2,1,
14980,37,24,20,23,1,0,0,1,1,
15145,36,18,17,13.5,0,1,0,3,1,
15169,35,24,15,10.9,0,0,1,2,1,
15173,29,21,15,11.7,0,0,0,0,1,
15194,38,26,20,42.5,0,0,1,2,1,
15417,26,20,14,9.2,1,0,0,1,1,
15488,34,23,19,33.6,0,1,0,3,1,
15496,35,26,16,17.9,0,1,0,3,1,
15690,42,28,18,22,1,0,0,1,1,
15725,25,22,16,11.4,0,0,1,2,1,
15937,28,26,22,19.3,0,0,1,2,1,
15957,25,19,12,7,0,0,0,0,1,
16002,22,19,16,8.7,0,0,1,2,1,
16164,30,27,15,14.8,0,0,1,2,1,
16184,32,21,13,9.9,0,0,1,2,1,
16240,25,21,17,12.3,0,0,1,2,1,
16422,36,32,22,23.5,0,0,1,2,1,
16450,31,20,18,13.9,0,0,1,2,1,
16459,37,26,16,16.1,1,0,0,1,1,
16480,38,24,22,41.9,0,0,1,2,1,
16693,51,34,27,62,0,0,1,2,1,
16702,29,20,19,13.8,0,1,0,3,1,
16738,32,28,23,22.8,0,0,1,2,1,
16748,43,28,24,33.7,0,0,1,2,1,
16787,24,25,10,17.1,0,0,0,0,1,
16933,36,22,18,19.5,1,0,0,1,1,
16961,33,22,21,15,0,0,0,0,1,
16979,45,25,21,41.8,0,0,1,2,1,
17199,35,28,21,26.6,0,0,1,2,1,
17210,25,21,16,7.6,0,0,0,0,1,
17213,31,21,20,15.7,0,1,0,3,1,
17261,26,20,17,10.3,0,1,0,3,1,
17287,37,24,16,18.1,0,1,0,3,1,
17290,26,26,17,13.6,1,0,0,1,1,
17298,32,24,23,23.3,0,1,0,3,1,
17442,95,40,31,162.4,0,0,1,2,1,
17450,21,15,13,5.8,0,0,0,0,1,
17458,31,18,17,10.8,1,0,0,1,1,
17491,30,22,19,15.1,0,0,1,2,1,
17493,27,19,16,11.5,0,1,0,3,1,
17495,25,23,18,11,0,1,0,3,1,
17525,31,25,17,33.5,1,0,0,1,1,
17532,34,27,17,16.7,0,0,1,2,1,
17543,40,31,27,39.3,0,1,0,3,1,
17555,27,24,17,12,0,0,0,0,1,
17726,36,26,16,17.1,0,0,1,2,1,
17757,37,26,22,29.5,0,0,1,2,1,
17772,24,20,15,9.6,0,0,1,2,1,
17774,24,24,17,11.1,1,0,0,1,1,
17792,32,23,14,26.1,1,0,0,1,1,
17953,32,26,22,20.2,1,0,0,1,1,
17961,29,19,18,13.3,0,0,1,2,1,
17991,42,27,20,25.7,0,1,0,3,1,
18010,37,27,20,30.9,0,0,1,2,1,
18035,33,20,17,15.6,0,0,1,2,1,
18061,34,21,15,14.8,0,0,1,2,1,
18212,42,29,24,36.1,0,1,0,3,1,
18213,35,28,18,20.2,0,0,1,2,1,
18261,29,25,17,12.9,1,0,0,1,1,
18281,46,29,27,48.7,1,0,0,1,1,
18313,30,19,16,9,0,0,1,2,1,
18480,31,26,18,16.1,0,0,1,2,1,
18522,33,18,14,10,0,1,0,3,1,
18532,26,19,16,11.1,0,0,1,2,1,
18725,41,21,17,16.5,1,0,0,1,1,
18737,36,21,13,14,0,1,0,3,1,
18739,21,20,16,8.1,0,0,1,2,1,
18746,28,26,18,17.7,0,1,0,3,1,
18820,33,23,18,17.3,1,0,0,1,1,
18983,25,20,19,11.1,0,1,0,3,1,
18996,22,18,16,8.2,0,1,0,3,1,
19001,34,25,17,17.2,0,1,0,3,1,
19019,24,22,18,10.7,1,0,0,1,1,
19239,28,20,13,8.3,0,0,1,2,1,
19243,28,22,17,12.9,0,1,0,3,1,
19280,24,20,17,8.8,1,0,0,1,1,
19297,34,20,17,12.5,0,0,1,2,1,
19313,36,22,21,15,0,0,1,2,1,
19321,37,27,20,25.8,0,0,1,2,1,
19491,27,20,17,11,1,0,0,1,1,
19545,24,18,15,8.9,0,0,1,2,1,
19590,45,29,22,39.3,1,0,0,1,1,
19750,43,27,24,33.8,0,0,1,2,1,
19798,30,20,15,12.4,0,0,0,0,1,
19829,32,27,19,24.1,0,1,0,3,1,
20054,42,25,21,25.9,0,1,0,3,1,
20059,33,24,16,13,0,0,1,2,1,
20090,31,22,14,11.1,0,1,0,3,1,
20104,30,22,17,12.3,0,0,1,2,1,
211003,36,33,23,41.3,0,0,0,0,1,
211007,41,34,23,64.6,0,1,0,3,1,
211009,50,33,24,55.2,0,1,0,3,1,
211010,52,33,24,61.7,0,0,1,2,1,
211011,42,34,23,37.1,0,0,1,2,1,
211024,43,35,30,65.7,0,1,0,3,1,
211034,43,36,29,65.6,0,1,0,3,1,
211038,55,32,27,61.7,0,0,0,0,1,
211043,86,36,33,150,0,1,0,3,1,
221049,48,38,29,77.2,0,1,0,3,1,
221059,52,44,28,93.2,0,1,0,3,1,
221061,41,37,33,79.2,0,1,0,3,1,
221067,52,36,33,105.3,0,1,0,3,1,
221068,54,43,36,118.7,0,1,0,3,1,
232097,53,48,27,88.5,0,1,0,3,1,
232115,74,45,31,138.9,0,1,0,3,1,
242133,133,76,50,722.8,0,0,1,2,1,
242135,145,91,62,1200.9,0,0,1,2,1,
242136,114,83,48,645,0,0,1,2,1,
242137,121,79,50,667.8,0,0,1,2,1,
242139,91,75,53,444.1,0,0,1,2,1,
242140,95,68,56,495.4,0,0,1,2,1,
242141,85,68,67,503.8,0,0,1,2,1,
242143,140,80,55,838.2,0,0,1,2,1,
242145,116,84,70,775.7,0,0,1,2,1,
242146,114,86,74,903.5,0,0,1,2,1,
242147,137,80,53,874.3,0,0,1,2,1,
242148,120,72,67,885.8,0,0,1,2,1,
242149,106,82,63,772.4,0,0,1,2,1,
242150,112,75,59,649.9,0,0,1,2,1,
242152,119,80,53,618,0,0,1,2,1,
242154,101,76,56,580.3,0,0,1,2,1,
242155,98,86,61,682.2,0,0,1,2,1,
242158,146,84,54,973.4,1,0,0,1,1,
242159,117,72,71,883.1,0,0,1,2,1,
242160,108,82,68,850.2,0,0,1,2,1,
252161,135,134,95,1902.2,1,0,0,1,1,
252162,123,96,87,1708.7,1,0,0,1,1,
252163,145,118,93,1920.2,0,1,0,3,1,
252164,115,106,60,867,0,0,1,2,1,
252165,142,94,70,1114,0,0,1,2,1,
252166,154,93,60,1029,0,0,1,2,1,
252167,147,111,80,1755.1,0,1,0,3,1,
252168,120,105,46,733.6,0,0,1,2,1,
252169,117,101,98,1772.6,1,0,0,1,1,
252170,116,97,93,1660.5,1,0,0,1,1,
252171,108,104,95,1271.4,0,1,0,3,1,
252172,151,110,88,1788.3,0,1,0,3,1,
252173,147,100,97,1863,0,1,0,3,1,
252174,126,118,62,1421.5,1,0,0,1,1,
252175,176,106,94,2399.4,1,0,0,1,1,
252176,167,103,81,1943.1,0,1,0,3,1,
252177,144,104,78,1550,1,0,0,1,1,
252178,147,128,78,1669.5,1,0,0,1,1,
252179,145,111,81,1700.4,0,1,0,3,1,
252180,132,106,72,1443,1,0,0,1,1,
262181,205,155,96,4911.6,1,0,0,1,1,
262182,243,188,127,7944.1,1,0,0,1,1,
262183,170,139,107,3546.3,0,1,0,3,1,
262184,193,149,113,3263.3,1,0,0,1,1,
262185,168,150,65,2681.8,0,1,0,3,1,
262186,159,154,101,3285.8,1,0,0,1,1,
262187,201,130,113,4127.1,1,0,0,1,1,
262188,213,156,107,4383.1,0,1,0,3,1,
262190,170,121,104,2600.2,0,1,0,3,1,
262191,213,148,118,4817.5,0,1,0,3,1,
262193,183,114,91,2850,0,1,0,3,1,
262194,197,153,115,3983.9,1,0,0,1,1,
262195,216,136,84,3708.8,1,0,0,1,1,
262196,172,160,63,2865.5,0,1,0,3,1,
262197,181,147,145,5310.3,1,0,0,1,1,
262198,224,173,93,4704.1,0,1,0,3,1,
262199,199,142,140,4220.8,0,1,0,3,1,
262200,188,131,102,4028.9,0,1,0,3,1,
311009,50,34,31,71.9,0,0,0,0,1,
311021,55,32,25,75.5,0,0,1,2,1,
311038,45,33,22,48.1,0,0,1,2,1,
311042,40,36,27,58.1,0,0,1,2,1,
321053,69,48,37,152.8,0,1,0,3,1,
321064,41,34,23,34.6,0,0,0,0,1,
321074,68,43,40,155.4,1,0,0,1,1,
321081,97,37,35,216.2,0,1,0,3,1,
321084,42,34,29,63.9,0,1,0,3,1,
321087,60,36,30,89,0,0,1,2,1,
321092,69,46,37,134.7,0,1,0,3,1,
332094,74,54,41,218.5,0,1,0,3,1,
332097,92,51,46,245.3,0,0,1,2,1,
332101,63,51,33,139.7,0,1,0,3,1,
332107,60,50,47,200.8,1,0,0,1,1,
332108,71,60,38,176.5,0,1,0,3,1,
332109,68,53,40,182.6,0,1,0,3,1,
332111,71,56,44,216.6,1,0,0,1,1,
332112,70,51,49,243.6,0,1,0,3,1,
332113,54,50,38,145.4,0,1,0,3,1,
332119,65,55,37,187.4,1,0,0,1,1,
332122,66,52,32,123.7,0,1,0,3,1,
332124,54,49,32,102.2,0,1,0,3,1,
332126,72,58,34,183.8,0,0,1,2,1,
332127,76,66,32,220.2,0,0,1,2,1,
332128,103,62,54,463,1,0,0,1,1,
332129,59,58,45,182.3,0,0,1,2,1,
332130,69,53,51,214.7,1,0,0,1,1,
332132,86,63,46,308,0,0,1,2,1,
342134,133,90,74,1128.3,0,0,1,2,1,
342144,122,96,93,1753.5,1,0,0,1,1,
342150,142,89,81,1711.5,0,0,1,2,1,
352161,119,98,73,1135.7,0,0,1,2,1,
352162,129,103,66,1101.3,0,1,0,3,1,
352163,121,111,76,1327.3,0,1,0,3,1,
352164,116,96,63,1037.3,0,0,1,2,1,
352165,124,108,84,1424,0,0,1,2,1,
352166,156,119,88,2603.5,0,0,1,2,1,
352167,147,123,44,1287.2,0,0,1,2,1,
352168,118,97,75,1001.9,0,0,1,2,1,
352169,131,112,83,1551.2,0,0,1,2,1,
352170,123,103,79,1694.5,0,1,0,3,1,
352171,147,119,77,1636.7,0,0,1,2,1,
352172,136,107,65,1095.5,0,0,1,2,1,
352173,136,102,89,2223.9,1,0,0,1,1,
352174,141,121,85,2038.5,0,0,1,2,1,
352175,125,106,95,1564.4,0,1,0,3,1,
352176,145,98,84,1560.6,0,1,0,3,1,
352177,156,95,70,1523.3,0,1,0,3,1,
352178,92,90,72,730.3,0,0,1,2,1,
352180,103,85,79,1049.9,0,0,1,2,1,
362181,173,154,121,4486,1,0,0,1,1,
362182,183,160,121,5680.5,1,0,0,1,1,
362183,167,155,120,5065,1,0,0,1,1,
362184,158,138,62,2427.8,0,1,0,3,1,
362186,152,134,62,1768,1,0,0,1,1,
362187,192,135,125,3601.9,0,1,0,3,1,
362188,230,160,105,5596,0,1,0,3,1,
362189,209,186,120,6172.5,1,0,0,1,1,
362190,168,157,101,4280.2,1,0,0,1,1,
362191,184,125,78,2504,0,1,0,3,1,
362192,249,133,104,4693.7,1,0,0,1,1,
362193,190,154,53,2652.1,0,0,1,2,1,
362194,215,160,108,5242.7,0,1,0,3,1,
362195,188,145,138,3899.1,0,1,0,3,1,
362196,238,154,106,5959.5,1,0,0,1,1,
362197,172,145,84,2806.8,1,0,0,1,1,
362198,225,166,125,6534.2,0,1,0,3,1,
362199,212,139,94,4606.9,0,1,0,3,1,
362200,154,147,102,3505.6,1,0,0,1,1,
230500,62,42,31,0.122,0,0,0,0,2,
230501,47,39,24,0.062,0,0,0,0,2,
230502,65,45,31,0.099,0,0,0,0,2,
230503,70,47,35,0.157,0,0,0,0,2,
230504,56,38,30,0.08,0,0,0,0,2,
230505,57,37,28,0.075,0,0,0,0,2,
230506,59,45,33,0.121,0,0,0,0,2,
230507,37,34,23,0.037,0,0,0,0,2,
230508,50,41,41,0.096,0,0,0,0,2,
230509,48,38,23,0.046,0,0,0,0,2,
230510,61,40,30,0.087,0,0,0,0,2,
230511,66,37,32,0.08,0,0,0,0,2,
230512,49,42,26,0.068,0,0,0,0,2,
230513,49,37,19,0.049,0,0,0,0,2,
230514,49,33,15,0.033,0,0,0,0,2,
230516,46,41,28,0.061,0,0,0,0,2,
230517,53,38,23,0.065,0,0,0,0,2,
230518,56,40,26,0.075,0,0,0,0,2,
230519,57,41,27,0.075,0,0,0,0,2,
230520,54,46,21,0.068,0,0,0,0,2,
230521,44,40,26,0.052,0,0,0,0,2,
230522,49,39,23,0.06,0,0,0,0,2,
230523,48,42,28,0.072,0,0,0,0,2,
230524,54,36,19,0.056,0,0,0,0,2,
230525,46,42,24,0.052,0,0,0,0,2,
230526,59,45,43,0.154,0,0,0,0,2,
230527,48,41,24,0.054,0,0,0,0,2,
230528,47,44,23,0.062,0,0,0,0,2,
230529,52,33,27,0.062,0,0,0,0,2,
230530,48,42,30,0.068,0,0,0,0,2,
230531,47,45,28,0.066,0,0,0,0,2,
230532,39,35,32,0.054,0,0,0,0,2,
230533,42,33,25,0.052,0,0,0,0,2,
230534,42,33,14,0.03,0,0,0,0,2,
230535,43,40,28,0.058,0,0,0,0,2,
230536,58,42,28,0.101,0,0,0,0,2,
230537,51,36,22,0.053,0,0,0,0,2,
230538,42,34,19,0.044,0,0,0,0,2,
230539,52,44,26,0.074,0,0,0,0,2,
230540,43,40,20,0.041,0,0,0,0,2,
230541,51,42,27,0.077,0,0,0,0,2,
230542,63,40,26,0.085,0,0,0,0,2,
230543,94,46,43,0.22,0,0,0,0,2,
230544,43,41,34,0.072,0,0,0,0,2,
230545,55,39,23,0.063,0,0,0,0,2,
230546,74,43,43,0.179,0,0,0,0,2,
230547,71,47,31,0.128,0,0,0,0,2,
230548,48,43,25,0.066,0,0,0,0,2,
230549,53,46,26,0.074,0,0,0,0,2,
230550,60,56,27,0.106,0,0,0,0,2,
230551,58,46,31,0.08,0,0,0,0,2,
230552,65,37,26,0.089,0,0,0,0,2,
230553,49,36,18,0.046,0,0,0,0,2,
230554,66,44,31,0.116,0,0,0,0,2,
230555,52,44,34,0.1,0,0,0,0,2,
230556,64,46,25,0.105,0,0,0,0,2,
230557,61,42,39,0.139,0,0,0,0,2,
230558,50,45,33,0.086,0,0,0,0,2,
230559,54,46,36,0.091,0,0,0,0,2,
230560,51,50,31,0.083,0,0,0,0,2,
230561,54,44,25,0.071,0,0,0,0,2,
230562,81,59,54,0.186,0,0,0,0,2,
230563,52,46,30,0.082,0,0,0,0,2,
230564,61,47,44,0.113,0,0,0,0,2,
230565,59,43,24,0.078,0,0,0,0,2,
230566,65,47,27,0.094,0,0,0,0,2,
230567,60,38,26,0.075,0,0,0,0,2,
230568,40,39,26,0.056,0,0,0,0,2,
230569,45,39,22,0.05,0,0,0,0,2,
230570,48,34,21,0.052,0,0,0,0,2,
230571,52,35,33,0.085,0,0,0,0,2,
230572,71,41,28,0.087,0,0,0,0,2,
230573,42,42,24,0.06,0,0,0,0,2,
230574,53,35,22,0.06,0,0,0,0,2,
230575,52,47,17,0.054,0,0,0,0,2,
230576,64,48,35,0.127,0,0,0,0,2,
230577,57,33,29,0.086,0,0,0,0,2,
230578,48,44,27,0.073,0,0,0,0,2,
230579,49,44,24,0.078,0,0,0,0,2,
230580,52,37,23,0.057,0,0,0,0,2,
230581,56,41,31,0.088,0,0,0,0,2,
230582,54,44,25,0.069,0,0,0,0,2,
230583,54,32,26,0.067,0,0,0,0,2,
230584,63,37,28,0.095,0,0,0,0,2,
230585,46,44,32,0.082,0,0,0,0,2,
230586,49,41,22,0.059,0,0,0,0,2,
230587,62,46,33,0.127,0,0,0,0,2,
230588,51,42,34,0.092,0,0,0,0,2,
230589,58,49,28,0.077,0,0,0,0,2,
230590,47,43,30,0.064,0,0,0,0,2,
230591,42,42,27,0.054,0,0,0,0,2,
230592,52,37,21,0.069,0,0,0,0,2,
230593,53,32,25,0.059,0,0,0,0,2,
230594,55,43,37,0.092,0,0,0,0,2,
230595,62,49,28,0.108,0,0,0,0,2,
230596,52,43,22,0.085,0,0,0,0,2,
230597,53,43,23,0.06,0,0,0,0,2,
230598,45,38,23,0.055,0,0,0,0,2,
230599,45,38,30,0.072,0,0,0,0,2,
230600,41,40,30,0.05,0,0,0,0,2,
230601,50,47,22,0.077,0,0,0,0,2,
230602,44,33,30,0.059,0,0,0,0,2,
230603,51,50,26,0.08,0,0,0,0,2,
230604,36,31,16,0.028,0,0,0,0,2,
230605,60,40,32,0.091,0,0,0,0,2,
230606,44,37,19,0.043,0,0,0,0,2,
230607,52,41,23,0.066,0,0,0,0,2,
230608,45,40,27,0.059,0,0,0,0,2,
230609,51,49,19,0.06,0,0,0,0,2,
230610,63,38,28,0.079,0,0,0,0,2,
230611,48,42,27,0.075,0,0,0,0,2,
230612,40,36,28,0.05,0,0,0,0,2,
230613,58,39,26,0.074,0,0,0,0,2,
230614,77,37,22,0.091,0,0,0,0,2,
230615,40,34,28,0.047,0,0,0,0,2,
230616,50,40,18,0.05,0,0,0,0,2,
230617,63,38,29,0.075,0,0,0,0,2,
230618,46,35,27,0.066,0,0,0,0,2,
230619,59,40,19,0.065,0,0,0,0,2,
230620,51,43,22,0.064,0,0,0,0,2,
230621,49,36,30,0.063,0,0,0,0,2,
230622,41,33,20,0.035,0,0,0,0,2,
230623,62,47,38,0.141,0,0,0,0,2,
230624,51,41,27,0.071,0,0,0,0,2,
230625,47,44,32,0.092,0,0,0,0,2,
230626,50,34,22,0.069,0,0,0,0,2,
230627,66,45,42,0.103,0,0,0,0,2,
230628,49,46,34,0.1,0,0,0,0,2,
230629,52,47,30,0.078,0,0,0,0,2,
230630,56,36,28,0.082,0,0,0,0,2,
230631,49,43,22,0.065,0,0,0,0,2,
230632,48,43,30,0.063,0,0,0,0,2,
230633,55,46,26,0.08,0,0,0,0,2,
230634,62,42,40,0.129,0,0,0,0,2,
230635,50,40,27,0.07,0,0,0,0,2,
230636,54,48,25,0.084,0,0,0,0,2,
230637,56,42,26,0.071,0,0,0,0,2,
230638,48,41,17,0.051,0,0,0,0,2,
230639,41,36,24,0.046,0,0,0,0,2,
230640,59,45,29,0.098,0,0,0,0,2,
230641,50,40,25,0.067,0,0,0,0,2,
230642,54,33,26,0.065,0,0,0,0,2,
230643,55,36,29,0.091,0,0,0,0,2,
230644,46,35,25,0.057,0,0,0,0,2,
230645,45,36,25,0.055,0,0,0,0,2,
230646,62,44,26,0.086,0,0,0,0,2,
230647,53,40,23,0.073,0,0,0,0,2,
230648,55,39,26,0.075,0,0,0,0,2,
230649,46,32,22,0.043,0,0,0,0,2,
230650,38,34,24,0.043,0,0,0,0,2,
230651,40,38,28,0.053,0,0,0,0,2,
230652,50,39,21,0.067,0,0,0,0,2,
230653,50,39,19,0.052,0,0,0,0,2,
230654,69,47,39,0.137,0,0,0,0,2,
230655,50,39,28,0.075,0,0,0,0,2,
230656,47,39,26,0.072,0,0,0,0,2,
230657,59,34,31,0.081,0,0,0,0,2,
230658,37,34,18,0.034,0,0,0,0,2,
230659,39,36,25,0.051,0,0,0,0,2,
230660,66,46,37,0.114,0,0,0,0,2,
230661,61,41,25,0.064,0,0,0,0,2,
230662,62,48,35,0.115,0,0,0,0,2,
230663,60,43,31,0.095,0,0,0,0,2,
230664,49,48,27,0.072,0,0,0,0,2,
230665,65,37,28,0.091,0,0,0,0,2,
230666,44,33,17,0.037,0,0,0,0,2,
230667,48,36,20,0.051,0,0,0,0,2,
230668,52,42,36,0.096,0,0,0,0,2,
230669,56,44,28,0.094,0,0,0,0,2,
230670,42,42,28,0.057,0,0,0,0,2,
230671,55,54,39,0.124,0,0,0,0,2,
230672,64,40,28,0.103,0,0,0,0,2,
230673,55,41,31,0.086,0,0,0,0,2,
230674,48,37,27,0.073,0,0,0,0,2,
230675,42,36,19,0.038,0,0,0,0,2,
230676,53,43,19,0.057,0,0,0,0,2,
230677,41,41,27,0.055,0,0,0,0,2,
230678,48,45,21,0.056,0,0,0,0,2,
230679,52,45,35,0.091,0,0,0,0,2,
230680,62,46,28,0.115,0,0,0,0,2,
230681,59,36,27,0.067,0,0,0,0,2,
230682,53,41,28,0.073,0,0,0,0,2,
230683,51,42,36,0.086,0,0,0,0,2,
230684,65,45,29,0.094,0,0,0,0,2,
230685,51,42,23,0.067,0,0,0,0,2,
230686,43,40,22,0.054,0,0,0,0,2,
230687,52,39,34,0.079,0,0,0,0,2,
230688,56,46,29,0.098,0,0,0,0,2,
230689,56,35,26,0.075,0,0,0,0,2,
230690,54,35,21,0.059,0,0,0,0,2,
230691,61,48,24,0.098,0,0,0,0,2,
230692,62,40,29,0.108,0,0,0,0,2,
230693,39,35,31,0.049,0,0,0,0,2,
230694,46,40,29,0.069,0,0,0,0,2,
230695,55,42,32,0.112,0,0,0,0,2,
230696,53,45,30,0.104,0,0,0,0,2,
230697,55,36,35,0.093,0,0,0,0,2,
230698,58,37,36,0.115,0,0,0,0,2,
230699,50,40,32,0.069,0,0,0,0,2,
230700,48,42,24,0.059,0,0,0,0,2,
230701,57,32,27,0.063,0,0,0,0,2,
230702,54,40,24,0.071,0,0,0,0,2,
230703,57,41,29,0.08,0,0,0,0,2,
230704,67,43,31,0.105,0,0,0,0,2,
230705,46,42,29,0.063,0,0,0,0,2,
230706,45,37,19,0.041,0,0,0,0,2,
230707,41,39,27,0.052,0,0,0,0,2,
230708,60,44,22,0.082,0,0,0,0,2,
230709,48,46,38,0.092,0,0,0,0,2,
230710,46,32,24,0.046,0,0,0,0,2,
230711,54,45,29,0.075,0,0,0,0,2,
230712,45,33,23,0.054,0,0,0,0,2,
230713,57,38,30,0.084,0,0,0,0,2,
230714,62,38,26,0.073,0,0,0,0,2,
230715,40,34,26,0.047,0,0,0,0,2,
230716,46,35,27,0.065,0,0,0,0,2,
230717,60,34,32,0.085,0,0,0,0,2,
230718,64,41,18,0.068,0,0,0,0,2,
230719,41,37,21,0.045,0,0,0,0,2,
230720,49,46,32,0.087,0,0,0,0,2,
230721,72,44,33,0.143,0,0,0,0,2,
230722,52,36,29,0.072,0,0,0,0,2,
230723,67,44,36,0.134,0,0,0,0,2,
230724,44,43,27,0.061,0,0,0,0,2,
230725,51,41,30,0.08,0,0,0,0,2,
230726,49,37,24,0.061,0,0,0,0,2,
230727,62,43,30,0.1,0,0,0,0,2,
230728,43,40,22,0.05,0,0,0,0,2,
230729,50,42,18,0.058,0,0,0,0,2,
230730,56,39,29,0.097,0,0,0,0,2,
230731,50,38,28,0.075,0,0,0,0,2,
230732,89,45,40,0.22,0,0,0,0,2,
230733,69,46,34,0.147,0,0,0,0,2,
230734,55,40,24,0.07,0,0,0,0,2,
230735,40,33,12,0.026,0,0,0,0,2,
230736,49,44,24,0.059,0,0,0,0,2,
230737,65,43,27,0.106,0,0,0,0,2,
230738,40,37,21,0.043,0,0,0,0,2,
230739,52,40,35,0.079,0,0,0,0,2,
230740,70,41,28,0.108,0,0,0,0,2,
230741,55,40,30,0.088,0,0,0,0,2,
230742,44,37,23,0.055,0,0,0,0,2,
230743,52,45,18,0.054,0,0,0,0,2,
230744,61,34,28,0.083,0,0,0,0,2,
230745,105,42,31,0.245,0,0,0,0,2,
230746,62,41,34,0.114,0,0,0,0,2,
230747,71,40,32,0.118,0,0,0,0,2,
230748,45,35,34,0.06,0,0,0,0,2,
230749,60,36,28,0.07,0,0,0,0,2,
230750,47,38,23,0.052,0,0,0,0,2,
230751,47,46,33,0.095,0,0,0,0,2,
230752,62,40,16,0.06,0,0,0,0,2,
230753,58,46,32,0.121,0,0,0,0,2,
230754,63,34,25,0.066,0,0,0,0,2,
230755,66,45,34,0.105,0,0,0,0,2,
230756,46,33,27,0.06,0,0,0,0,2,
230757,55,38,30,0.086,0,0,0,0,2,
230758,63,44,36,0.114,0,0,0,0,2,
230759,45,38,25,0.054,0,0,0,0,2,
230760,61,48,23,0.105,0,0,0,0,2,
230761,53,42,20,0.058,0,0,0,0,2,
230762,44,32,29,0.067,0,0,0,0,2,
230763,68,49,44,0.182,0,0,0,0,2,
230764,49,43,29,0.075,0,0,0,0,2,
230765,49,41,35,0.088,0,0,0,0,2,
230766,53,38,32,0.094,0,0,0,0,2,
230767,50,41,24,0.071,0,0,0,0,2,
230768,47,33,23,0.041,0,0,0,0,2,
230769,53,35,27,0.071,0,0,0,0,2,
230770,69,49,36,0.16,0,0,0,0,2,
230771,63,42,24,0.081,0,0,0,0,2,
230772,62,40,31,0.1,0,0,0,0,2,
230773,50,44,23,0.08,0,0,0,0,2,
230774,42,34,25,0.054,0,0,0,0,2,
230775,49,37,23,0.063,0,0,0,0,2,
230776,41,36,25,0.053,0,0,0,0,2,
230777,50,35,24,0.065,0,0,0,0,2,
230778,57,43,29,0.09,0,0,0,0,2,
230779,48,44,34,0.088,0,0,0,0,2,
230780,54,37,36,0.089,0,0,0,0,2,
230781,50,47,43,0.14,0,0,0,0,2,
230782,52,45,24,0.081,0,0,0,0,2,
230783,47,41,26,0.055,0,0,0,0,2,
230784,44,41,28,0.074,0,0,0,0,2,
230785,53,39,28,0.083,0,0,0,0,2,
230786,48,41,29,0.069,0,0,0,0,2,
230787,73,44,25,0.125,0,0,0,0,2,
230788,57,41,39,0.106,0,0,0,0,2,
230789,41,41,30,0.054,0,0,0,0,2,
230790,44,37,25,0.052,0,0,0,0,2,
230791,59,50,35,0.138,0,0,0,0,2,
230792,51,37,25,0.065,0,0,0,0,2,
230793,46,40,29,0.08,0,0,0,0,2,
230794,64,36,30,0.102,0,0,0,0,2,
230795,54,44,28,0.086,0,0,0,0,2,
230796,51,43,29,0.078,0,0,0,0,2,
230797,57,45,33,0.117,0,0,0,0,2,
230798,63,47,36,0.133,0,0,0,0,2,
230799,52,45,21,0.065,0,0,0,0,2,
230800,77,44,30,0.142,0,0,0,0,2,
230801,54,40,21,0.062,0,0,0,0,2,
230802,69,41,37,0.153,0,0,0,0,2,
230803,44,42,33,0.074,0,0,0,0,2,
230804,56,41,28,0.08,0,0,0,0,2,
230805,50,41,27,0.068,0,0,0,0,2,
230806,47,39,33,0.076,0,0,0,0,2,
230807,50,43,27,0.074,0,0,0,0,2,
230808,39,34,33,0.053,0,0,0,0,2,
230809,58,51,41,0.142,0,0,0,0,2,
230810,56,39,13,0.04,0,0,0,0,2,
230811,50,46,26,0.072,0,0,0,0,2,
230812,44,36,27,0.058,0,0,0,0,2,
230813,46,40,23,0.058,0,0,0,0,2,
230814,55,37,25,0.071,0,0,0,0,2,
230815,78,59,34,0.18,0,0,0,0,2,
230816,54,44,21,0.062,0,0,0,0,2,
230817,49,39,27,0.067,0,0,0,0,2,
230818,48,44,26,0.073,0,0,0,0,2,
230819,50,42,23,0.057,0,0,0,0,2,
230820,53,38,30,0.097,0,0,0,0,2,
230821,59,43,29,0.102,0,0,0,0,2,
230822,60,37,27,0.089,0,0,0,0,2,
230823,56,39,27,0.077,0,0,0,0,2,
230824,40,38,32,0.055,0,0,0,0,2,
230825,52,37,26,0.066,0,0,0,0,2,
230826,60,53,42,0.134,0,0,0,0,2,
230827,75,46,33,0.137,0,0,0,0,2,
230828,59,43,40,0.125,0,0,0,0,2,
230829,48,45,34,0.079,0,0,0,0,2,
230830,46,41,37,0.09,0,0,0,0,2,
230831,72,45,27,0.141,0,0,0,0,2,
230832,51,36,22,0.059,0,0,0,0,2,
230833,45,36,20,0.043,0,0,0,0,2,
230834,47,32,28,0.063,0,0,0,0,2,
230835,45,42,19,0.055,0,0,0,0,2,
230836,52,35,29,0.076,0,0,0,0,2,
230837,55,36,24,0.058,0,0,0,0,2,
230838,64,43,33,0.079,0,0,0,0,2,
230839,52,31,28,0.059,0,0,0,0,2,
230840,50,37,20,0.056,0,0,0,0,2,
230841,48,43,25,0.064,0,0,0,0,2,
230842,52,47,34,0.096,0,0,0,0,2,
230843,61,44,33,0.108,0,0,0,0,2,
230844,67,43,41,0.136,0,0,0,0,2,
230845,51,37,24,0.072,0,0,0,0,2,
230846,67,38,34,0.126,0,0,0,0,2,
230847,52,39,36,0.101,0,0,0,0,2,
230848,56,42,29,0.073,0,0,0,0,2,
230849,52,42,23,0.073,0,0,0,0,2,
230850,56,41,26,0.079,0,0,0,0,2,
230851,53,45,25,0.071,0,0,0,0,2,
230852,55,51,29,0.095,0,0,0,0,2,
230853,59,41,29,0.092,0,0,0,0,2,
230854,45,41,28,0.076,0,0,0,0,2,
230855,52,45,42,0.109,0,0,0,0,2,
230856,48,40,25,0.061,0,0,0,0,2,
230857,50,37,34,0.083,0,0,0,0,2,
230858,43,40,26,0.058,0,0,0,0,2,
230859,83,39,23,0.116,0,0,0,0,2,
230860,67,47,28,0.118,0,0,0,0,2,
230861,65,38,27,0.091,0,0,0,0,2,
230862,42,37,21,0.043,0,0,0,0,2,
230863,74,42,31,0.126,0,0,0,0,2,
230864,76,40,28,0.084,0,0,0,0,2,
230865,70,42,14,0.071,0,0,0,0,2,
230866,49,39,30,0.079,0,0,0,0,2,
230867,53,40,37,0.089,0,0,0,0,2,
230868,45,38,22,0.045,0,0,0,0,2,
230869,59,36,31,0.091,0,0,0,0,2,
230870,42,37,26,0.051,0,0,0,0,2,
230871,49,35,22,0.059,0,0,0,0,2,
230872,52,36,30,0.065,0,0,0,0,2,
230873,51,39,31,0.08,0,0,0,0,2,
230874,73,49,36,0.148,0,0,0,0,2,
230875,55,43,38,0.102,0,0,0,0,2,
230876,50,38,26,0.064,0,0,0,0,2,
230877,52,45,26,0.081,0,0,0,0,2,
230878,59,52,29,0.112,0,0,0,0,2,
230879,46,42,27,0.068,0,0,0,0,2,
230880,70,39,27,0.094,0,0,0,0,2,
230881,49,42,24,0.068,0,0,0,0,2,
230882,58,47,25,0.091,0,0,0,0,2,
230883,45,33,21,0.047,0,0,0,0,2,
230884,60,42,25,0.086,0,0,0,0,2,
230885,57,41,29,0.1,0,0,0,0,2,
230886,68,42,37,0.123,0,0,0,0,2,
230887,46,40,29,0.067,0,0,0,0,2,
230888,52,40,33,0.079,0,0,0,0,2,
230889,55,49,34,0.121,0,0,0,0,2,
230890,68,46,32,0.168,0,0,0,0,2,
230891,66,34,22,0.073,0,0,0,0,2,
230892,51,43,26,0.076,0,0,0,0,2,
230893,71,41,29,0.111,0,0,0,0,2,
230894,57,48,29,0.089,0,0,0,0,2,
230895,64,49,38,0.154,0,0,0,0,2,
230896,49,41,24,0.068,0,0,0,0,2,
230897,63,45,33,0.097,0,0,0,0,2,
230898,69,43,38,0.155,0,0,0,0,2,
230899,43,40,26,0.061,0,0,0,0,2,
230900,50,42,34,0.075,0,0,0,0,2,
230901,76,38,37,0.144,0,0,0,0,2,
230902,63,38,20,0.075,0,0,0,0,2,
230903,59,43,39,0.123,0,0,0,0,2,
230904,56,36,28,0.076,0,0,0,0,2,
230905,73,44,33,0.129,0,0,0,0,2,
230906,63,43,30,0.113,0,0,0,0,2,
230907,47,38,25,0.064,0,0,0,0,2,
230908,65,41,32,0.113,0,0,0,0,2,
230909,63,39,27,0.083,0,0,0,0,2,
230910,62,43,33,0.111,0,0,0,0,2,
230911,49,33,21,0.05,0,0,0,0,2,
230912,79,46,38,0.193,0,0,0,0,2,
230913,62,44,32,0.096,0,0,0,0,2,
230914,48,46,27,0.065,0,0,0,0,2,
230915,50,36,35,0.076,0,0,0,0,2,
230916,51,43,31,0.086,0,0,0,0,2,
230917,87,48,29,0.162,0,0,0,0,2,
230918,56,37,29,0.083,0,0,0,0,2,
230919,56,40,28,0.081,0,0,0,0,2,
230920,54,45,26,0.083,0,0,0,0,2,
230921,67,46,20,0.069,0,0,0,0,2,
230922,47,46,27,0.074,0,0,0,0,2,
230923,58,41,24,0.084,0,0,0,0,2,
230924,55,44,32,0.114,0,0,0,0,2,
230925,61,33,26,0.066,0,0,0,0,2,
230926,42,41,29,0.053,0,0,0,0,2,
230927,41,40,23,0.052,0,0,0,0,2,
230928,48,38,33,0.073,0,0,0,0,2,
230929,56,38,27,0.073,0,0,0,0,2,
230930,67,46,37,0.158,0,0,0,0,2,
230931,64,40,29,0.1,0,0,0,0,2,
230932,49,47,25,0.073,0,0,0,0,2,
230933,55,37,32,0.092,0,0,0,0,2,
230934,57,47,27,0.097,0,0,0,0,2,
230935,55,36,26,0.067,0,0,0,0,2,
230936,53,36,29,0.079,0,0,0,0,2,
230937,53,45,28,0.094,0,0,0,0,2,
230938,72,41,23,0.092,0,0,0,0,2,
230939,58,50,29,0.109,0,0,0,0,2,
230940,64,48,35,0.15,0,0,0,0,2,
230941,55,44,17,0.067,0,0,0,0,2,
230942,50,41,37,0.101,0,0,0,0,2,
230943,51,39,33,0.086,0,0,0,0,2,
230944,58,33,31,0.076,0,0,0,0,2,
230945,49,40,25,0.059,0,0,0,0,2,
230946,58,38,28,0.086,0,0,0,0,2,
230947,63,44,34,0.133,0,0,0,0,2,
230948,56,53,30,0.125,0,0,0,0,2,
230949,60,45,23,0.085,0,0,0,0,2,
230950,54,39,29,0.069,0,0,0,0,2,
230951,54,36,35,0.101,0,0,0,0,2,
230952,65,41,35,0.133,0,0,0,0,2,
230953,59,42,33,0.118,0,0,0,0,2,
230954,40,39,25,0.054,0,0,0,0,2,
230955,51,46,22,0.07,0,0,0,0,2,
230956,43,36,33,0.062,0,0,0,0,2,
230957,75,38,35,0.159,0,0,0,0,2,
230958,62,43,34,0.145,0,0,0,0,2,
230959,58,44,29,0.095,0,0,0,0,2,
230960,52,50,37,0.115,0,0,0,0,2,
230961,44,40,27,0.052,0,0,0,0,2,
230962,47,33,22,0.045,0,0,0,0,2,
230963,50,40,34,0.083,0,0,0,0,2,
230964,51,38,21,0.057,0,0,0,0,2,
230965,69,46,37,0.143,0,0,0,0,2,
230966,58,44,31,0.101,0,0,0,0,2,
230967,46,37,19,0.053,0,0,0,0,2,
230968,54,41,31,0.087,0,0,0,0,2,
230969,57,46,30,0.11,0,0,0,0,2,
230970,58,54,37,0.131,0,0,0,0,2,
230971,73,53,34,0.143,0,0,0,0,2,
230972,67,45,21,0.086,0,0,0,0,2,
230973,65,42,31,0.119,0,0,0,0,2,
230974,57,44,30,0.115,0,0,0,0,2,
230975,62,42,31,0.112,0,0,0,0,2,
230976,96,43,30,0.183,0,0,0,0,2,
230977,66,51,35,0.147,0,0,0,0,2,
230978,54,51,22,0.087,0,0,0,0,2,
230979,49,41,22,0.64,0,0,0,0,2,
230980,58,46,34,0.124,0,0,0,0,2,
230981,59,34,24,0.078,0,0,0,0,2,
230982,60,39,26,0.087,0,0,0,0,2,
230983,56,42,26,0.089,0,0,0,0,2,
230984,51,42,39,0.1,0,0,0,0,2,
230985,60,45,26,0.075,0,0,0,0,2,
230986,62,39,29,0.106,0,0,0,0,2,
230987,50,38,24,0.06,0,0,0,0,2,
230988,68,48,41,0.153,0,0,0,0,2,
230989,57,43,20,0.071,0,0,0,0,2,
230990,53,38,25,0.069,0,0,0,0,2,
230991,63,38,27,0.094,0,0,0,0,2,
230992,51,33,32,0.071,0,0,0,0,2,
230993,65,48,40,0.144,0,0,0,0,2,
230994,62,42,26,0.092,0,0,0,0,2,
230995,46,45,23,0.062,0,0,0,0,2,
230996,56,44,21,0.073,0,0,0,0,2,
230997,55,38,26,0.074,0,0,0,0,2,
230998,56,43,34,0.11,0,0,0,0,2,
230999,56,44,27,0.076,0,0,0,0,2,
231000,40,32,19,0.04,0,0,0,0,2,
231001,50,41,21,0.047,0,0,0,0,2,
231002,62,39,31,0.092,0,0,0,0,2,
231003,51,43,37,0.084,0,0,0,0,2,
231004,44,38,28,0.066,0,0,0,0,2,
231005,63,46,21,0.091,0,0,0,0,2,
231006,50,43,28,0.075,0,0,0,0,2,
231007,59,41,31,0.102,0,0,0,0,2,
231008,67,42,29,0.118,0,0,0,0,2,
231009,48,40,24,0.063,0,0,0,0,2,
231010,68,52,21,0.072,0,0,0,0,2,
231011,59,35,30,0.085,0,0,0,0,2,
231012,50,43,28,0.08,0,0,0,0,2,
231013,52,39,32,0.088,0,0,0,0,2,
231014,57,36,26,0.84,0,0,0,0,2,
231015,58,44,33,0.114,0,0,0,0,2,
231016,53,39,21,0.062,0,0,0,0,2,
231017,58,41,26,0.085,0,0,0,0,2,
231018,77,41,31,0.13,0,0,0,0,2,
231019,69,40,29,0.115,0,0,0,0,2,
231020,53,43,35,0.107,0,0,0,0,2,
231021,68,42,26,0.096,0,0,0,0,2,
231022,43,37,27,0.063,0,0,0,0,2,
231023,59,44,23,0.074,0,0,0,0,2,
231024,62,48,29,0.116,0,0,0,0,2,
231025,63,38,21,0.073,0,0,0,0,2,
231026,55,44,25,0.081,0,0,0,0,2,
231027,55,43,31,0.107,0,0,0,0,2,
231028,61,40,36,0.104,0,0,0,0,2,
231029,49,45,29,0.063,0,0,0,0,2,
231030,50,34,27,0.066,0,0,0,0,2,
231031,45,35,28,0.061,0,0,0,0,2,
231032,68,48,41,0.137,0,0,0,0,2,
231033,73,44,29,0.116,0,0,0,0,2,
231034,56,54,26,0.098,0,0,0,0,2,
231035,47,37,24,0.064,0,0,0,0,2,
231036,58,43,34,0.11,0,0,0,0,2,
231037,49,31,27,0.061,0,0,0,0,2,
231038,51,42,31,0.075,0,0,0,0,2,
231039,53,41,23,0.067,0,0,0,0,2,
231040,60,53,39,0.149,0,0,0,0,2,
231041,40,33,31,0.055,0,0,0,0,2,
231042,62,39,33,0.091,0,0,0,0,2,
231043,48,47,30,0.073,0,0,0,0,2,
231044,63,45,36,0.094,0,0,0,0,2,
231045,66,45,29,0.131,0,0,0,0,2,
231046,60,39,28,0.09,0,0,0,0,2,
231047,59,48,24,0.084,0,0,0,0,2,
231048,53,38,29,0.072,0,0,0,0,2,
231049,79,32,22,0.103,0,0,0,0,2,
231050,46,38,21,0.055,0,0,0,0,2,
231051,48,41,23,0.061,0,0,0,0,2,
231052,49,43,25,0.069,0,0,0,0,2,
231053,58,41,33,0.095,0,0,0,0,2,
231054,58,45,37,0.103,0,0,0,0,2,
231055,68,47,36,0.147,0,0,0,0,2,
231056,53,42,30,0.085,0,0,0,0,2,
231057,69,45,31,0.143,0,0,0,0,2,
231058,52,45,33,0.088,0,0,0,0,2,
231059,50,41,24,0.066,0,0,0,0,2,
231060,71,43,25,0.084,0,0,0,0,2,
231061,60,47,22,0.096,0,0,0,0,2,
231062,84,44,36,0.176,0,0,0,0,2,
231063,65,44,27,0.103,0,0,0,0,2,
231064,68,40,37,0.138,0,0,0,0,2,
231065,66,57,39,0.176,0,0,0,0,2,
231066,62,47,31,0.12,0,0,0,0,2,
231067,60,48,42,0.152,0,0,0,0,2,
231068,54,47,29,0.098,0,0,0,0,2,
231069,47,38,28,0.08,0,0,0,0,2,
231070,43,40,31,0.074,0,0,0,0,2,
231071,78,42,40,0.13,0,0,0,0,2,
231072,50,38,36,0.111,0,0,0,0,2,
231073,37,34,17,0.031,0,0,0,0,2,
231074,50,41,27,0.065,0,0,0,0,2,
231075,69,40,34,0.138,0,0,0,0,2,
231076,48,37,23,0.058,0,0,0,0,2,
231077,62,49,41,0.141,0,0,0,0,2,
231078,60,46,40,0.129,0,0,0,0,2,
231079,56,41,25,0.066,0,0,0,0,2,
231080,70,42,32,0.144,0,0,0,0,2,
231081,53,37,29,0.091,0,0,0,0,2,
231082,61,40,29,0.082,0,0,0,0,2,
231083,66,42,27,0.094,0,0,0,0,2,
231084,46,37,30,0.065,0,0,0,0,2,
231085,6,39,30,0.104,0,0,0,0,2,
231086,61,44,27,0.095,0,0,0,0,2,
231087,47,43,27,0.083,0,0,0,0,2,
231088,61,42,32,0.114,0,0,0,0,2,
231089,49,35,17,0.046,0,0,0,0,2,
231090,59,45,34,0.111,0,0,0,0,2,
231091,53,42,32,0.079,0,0,0,0,2,
231092,61,40,27,0.087,0,0,0,0,2,
231093,62,38,27,0.074,0,0,0,0,2,
231094,45,37,28,0.058,0,0,0,0,2,
231095,51,41,24,0.06,0,0,0,0,2,
231096,56,46,33,0.098,0,0,0,0,2,
231097,66,49,26,0.107,0,0,0,0,2,
231098,59,43,22,0.084,0,0,0,0,2,
231099,43,41,24,0.063,0,0,0,0,2,
231100,57,48,36,0.127,0,0,0,0,2,
231101,66,43,35,0.149,0,0,0,0,2,
231102,64,46,37,0.132,0,0,0,0,2,
231103,47,40,17,0.044,0,0,0,0,2,
231104,57,43,33,0.103,0,0,0,0,2,
231105,56,37,34,0.063,0,0,0,0,2,
231106,47,45,36,0.098,0,0,0,0,2,
231107,56,43,31,0.108,0,0,0,0,2,
231108,50,41,28,0.076,0,0,0,0,2,
231109,53,41,37,0.106,0,0,0,0,2,
231110,47,39,22,0.053,0,0,0,0,2,
231111,44,34,33,0.064,0,0,0,0,2,
231112,71,39,33,0.12,0,0,0,0,2,
231113,58,43,29,0.071,0,0,0,0,2,
231114,61,42,26,0.084,0,0,0,0,2,
231115,46,38,33,0.095,0,0,0,0,2,
231116,49,40,28,0.067,0,0,0,0,2,
231117,50,42,30,0.081,0,0,0,0,2,
231118,45,35,18,0.042,0,0,0,0,2,
231119,67,56,33,0.157,0,0,0,0,2,
231120,57,38,27,0.095,0,0,0,0,2,
231121,50,43,39,0.124,0,0,0,0,2,
231122,64,46,26,0.11,0,0,0,0,2,
231123,60,43,28,0.085,0,0,0,0,2,
231124,74,38,35,0.125,0,0,0,0,2,
231125,49,35,25,0.053,0,0,0,0,2,
231126,48,44,35,0.084,0,0,0,0,2,
231127,54,43,36,0.099,0,0,0,0,2,
231128,52,41,26,0.07,0,0,0,0,2,
231129,58,47,26,0.089,0,0,0,0,2,
231130,63,36,23,0.077,0,0,0,0,2,
231131,59,45,31,0.118,0,0,0,0,2,
231132,54,48,38,0.124,0,0,0,0,2,
231133,55,41,36,0.096,0,0,0,0,2,
231134,56,44,34,0.09,0,0,0,0,2,
231135,45,33,26,0.055,0,0,0,0,2,
231136,44,36,20,0.047,0,0,0,0,2,
231137,51,36,19,0.049,0,0,0,0,2,
231138,60,41,33,0.093,0,0,0,0,2,
231139,54,44,36,0.133,0,0,0,0,2,
231140,52,36,28,0.075,0,0,0,0,2,
231141,49,43,28,0.058,0,0,0,0,2,
231142,50,45,34,0.099,0,0,0,0,2,
231143,63,47,37,0.139,0,0,0,0,2,
231144,60,49,27,0.093,0,0,0,0,2,
231145,61,32,27,0.084,0,0,0,0,2,
231146,62,39,32,0.106,0,0,0,0,2,
231147,50,36,24,0.059,0,0,0,0,2,
231148,52,50,32,0.09,0,0,0,0,2,
231149,64,39,38,0.136,0,0,0,0,2,
231150,37,32,23,0.038,0,0,0,0,2,
231151,43,36,25,0.045,0,0,0,0,2,
231152,96,44,37,0.255,0,0,0,0,2,
231153,40,33,20,0.032,0,0,0,0,2,
231154,49,33,28,0.062,0,0,0,0,2,
231155,47,38,19,0.05,0,0,0,0,2,
231156,39,36,24,0.047,0,0,0,0,2,
231157,52,42,42,0.096,0,0,0,0,2,
231158,51,32,22,0.055,0,0,0,0,2,
231159,65,41,31,0.107,0,0,0,0,2,
231160,52,46,26,0.065,0,0,0,0,2,
231161,52,42,27,0.088,0,0,0,0,2,
231162,63,40,24,0.081,0,0,0,0,2,
231163,61,39,27,0.084,0,0,0,0,2,
231164,45,35,19,0.042,0,0,0,0,2,
231165,57,41,42,0.112,0,0,0,0,2,
231166,46,36,19,0.046,0,0,0,0,2,
231167,58,46,27,0.09,0,0,0,0,2,
231168,57,43,24,0.087,0,0,0,0,2,
231169,56,44,25,0.088,0,0,0,0,2,
231170,49,33,20,0.046,0,0,0,0,2,
231171,51,46,25,0.078,0,0,0,0,2,
231172,61,42,29,0.089,0,0,0,0,2,
231173,58,42,26,0.079,0,0,0,0,2,
231174,59,41,34,0.102,0,0,0,0,2,
231175,60,38,22,0.065,0,0,0,0,2,
231176,66,38,31,0.096,0,0,0,0,2,
231177,62,46,29,0.111,0,0,0,0,2,
231178,54,34,26,0.069,0,0,0,0,2,
231179,46,39,35,0.073,0,0,0,0,2,
231180,60,46,31,0.128,0,0,0,0,2,
231181,68,44,32,0.107,0,0,0,0,2,
231182,46,39,28,0.073,0,0,0,0,2,
231183,48,43,25,0.067,0,0,0,0,2,
231184,43,33,21,0.041,0,0,0,0,2,
231185,47,38,26,0.062,0,0,0,0,2,
231186,50,42,22,0.066,0,0,0,0,2,
231187,59,49,45,0.127,0,0,0,0,2,
231188,55,51,29,0.096,0,0,0,0,2,
231189,49,43,29,0.085,0,0,0,0,2,
231190,59,42,33,0.11,0,0,0,0,2,
231191,47,35,23,0.054,0,0,0,0,2,
231192,57,39,34,0.09,0,0,0,0,2,
231193,66,43,25,0.087,0,0,0,0,2,
231194,49,36,24,0.058,0,0,0,0,2,
231195,62,51,41,0.114,0,0,0,0,2,
231196,52,46,35,0.1,0,0,0,0,2,
231197,70,42,26,0.1,0,0,0,0,2,
231198,40,38,31,0.056,0,0,0,0,2,
231199,55,38,38,0.101,0,0,0,0,2,
231200,48,45,29,0.08,0,0,0,0,2,
231201,59,39,26,0.075,0,0,0,0,2,
231202,45,34,26,0.057,0,0,0,0,2,
231203,65,43,27,0.129,0,0,0,0,2,
231204,53,40,31,0.093,0,0,0,0,2,
231205,67,45,40,0.169,0,0,0,0,2,
231206,60,40,38,0.113,0,0,0,0,2,
231207,51,43,30,0.091,0,0,0,0,2,
231208,49,37,21,0.05,0,0,0,0,2,
231209,66,44,27,0.09,0,0,0,0,2,
231210,63,46,40,0.161,0,0,0,0,2,
231211,53,42,26,0.083,0,0,0,0,2,
231212,54,40,33,0.087,0,0,0,0,2,
231213,90,43,33,0.131,0,0,0,0,2,
231214,70,30,30,0.096,0,0,0,0,2,
231215,69,47,25,0.107,0,0,0,0,2,
231216,61,46,31,0.1,0,0,0,0,2,
231217,62,43,34,0.102,0,0,0,0,2,
231218,69,43,33,0.149,0,0,0,0,2,
231219,49,47,23,0.066,0,0,0,0,2,
231220,50,44,34,0.087,0,0,0,0,2,
231221,39,38,20,0.051,0,0,0,0,2,
231222,48,36,25,0.058,0,0,0,0,2,
231223,55,37,27,0.073,0,0,0,0,2,
231224,47,42,37,0.07,0,0,0,0,2,
231225,45,42,21,0.053,0,0,0,0,2,
231226,54,43,23,0.07,0,0,0,0,2,
231227,53,44,34,0.094,0,0,0,0,2,
231228,57,42,33,0.09,0,0,0,0,2,
231229,52,43,29,0.066,0,0,0,0,2,
231230,53,37,31,0.082,0,0,0,0,2,
231231,48,41,23,0.063,0,0,0,0,2,
231232,60,44,31,0.081,0,0,0,0,2,
231233,61,43,35,0.12,0,0,0,0,2,
231234,61,40,26,0.065,0,0,0,0,2,
231235,52,42,30,0.086,0,0,0,0,2,
231236,44,39,19,0.051,0,0,0,0,2,
231237,44,33,16,0.032,0,0,0,0,2,
231238,74,44,44,0.187,0,0,0,0,2,
231239,93,35,35,0.14,0,0,0,0,2,
231240,49,35,34,0.078,0,0,0,0,2,
231241,54,39,32,0.092,0,0,0,0,2,
231242,44,35,29,0.059,0,0,0,0,2,
231243,51,51,23,0.058,0,0,0,0,2,
231244,60,38,33,0.121,0,0,0,0,2,
231245,50,44,27,0.077,0,0,0,0,2,
231246,59,44,29,0.086,0,0,0,0,2,
231247,66,39,34,0.091,0,0,0,0,2,
231248,50,37,23,0.055,0,0,0,0,2,
231249,52,33,30,0.069,0,0,0,0,2,
231250,97,73,50,0.454,0,0,0,0,2,
231251,95,76,58,0.456,0,0,0,0,2,
231252,104,89,63,0.779,0,0,0,0,2,
231253,111,88,39,0.563,0,0,0,0,2,
231254,107,80,60,0.651,0,0,0,0,2,
231255,73,66,52,0.384,0,0,0,0,2,
231256,90,82,58,0.479,0,0,0,0,2,
231257,94,85,74,0.591,0,0,0,0,2,
231258,82,78,47,0.351,0,0,0,0,2,
231259,83,78,36,0.326,0,0,0,0,2,
231260,105,85,65,0.697,0,0,0,0,2,
231261,96,75,48,0.553,0,0,0,0,2,
231262,92,79,53,0.483,0,0,0,0,2,
231263,112,80,45,0.432,0,0,0,0,2,
231264,138,88,54,0.982,0,0,0,0,2,
231265,97,81,58,0.508,0,0,0,0,2,
231266,139,80,75,1.03,0,0,0,0,2,
231267,89,65,53,0.398,0,0,0,0,2,
231268,78,68,46,0.308,0,0,0,0,2,
231269,97,75,60,0.581,0,0,0,0,2,
231270,89,73,40,0.311,0,0,0,0,2,
231271,77,68,65,0.427,0,0,0,0,2,
231272,135,83,53,0.733,0,0,0,0,2,
231273,102,88,53,0.655,0,0,0,0,2,
231274,101,86,52,0.592,0,0,0,0,2,
231275,135,86,56,0.747,0,0,0,0,2,
231276,107,90,62,0.766,0,0,0,0,2,
231277,104,79,58,0.614,0,0,0,0,2,
231278,100,87,59,0.771,0,0,0,0,2,
231279,102,82,66,0.751,0,0,0,0,2,
231280,107,102,84,1.118,0,0,0,0,2,
231281,101,88,54,0.699,0,0,0,0,2,
231282,132,69,38,0.466,0,0,0,0,2,
231283,73,65,43,0.293,0,0,0,0,2,
231284,170,93,90,1.438,0,0,0,0,2,
231285,99,61,55,0.456,0,0,0,0,2,
231286,104,89,55,0.647,0,0,0,0,2,
231287,115,84,59,0.72,0,0,0,0,2,
231288,87,69,47,0.414,0,0,0,0,2,
231289,87,81,45,0.408,0,0,0,0,2,
231290,100,88,82,0.675,0,0,0,0,2,
231291,90,71,48,0.404,0,0,0,0,2,
231292,102,76,53,0.538,0,0,0,0,2,
231293,73,66,46,0.348,0,0,0,0,2,
231294,74,71,34,0.314,0,0,0,0,2,
231295,92,78,68,0.58,0,0,0,0,2,
231296,120,92,55,0.566,0,0,0,0,2,
231297,98,86,41,0.532,0,0,0,0,2,
231298,92,80,70,0.58,0,0,0,0,2,
231299,97,82,79,0.749,0,0,0,0,2,
231300,106,90,65,0.708,0,0,0,0,2,
231301,78,62,51,0.363,0,0,0,0,2,
231302,92,77,70,0.567,0,0,0,0,2,
231303,81,74,46,0.409,0,0,0,0,2,
231304,105,77,63,0.803,0,0,0,0,2,
231305,101,77,72,0.765,0,0,0,0,2,
231306,80,70,42,0.33,0,0,0,0,2,
231307,110,117,71,1.265,0,0,0,0,2,
231308,132,81,68,0.942,0,0,0,0,2,
231309,132,91,89,0.916,0,0,0,0,2,
231310,74,64,58,0.401,0,0,0,0,2,
231311,79,69,64,0.489,0,0,0,0,2,
231312,104,79,43,0.524,0,0,0,0,2,
231313,83,66,47,0.481,0,0,0,0,2,
231314,132,91,79,1.214,0,0,0,0,2,
231315,99,78,76,0.542,0,0,0,0,2,
231316,87,78,31,0.314,0,0,0,0,2,
231317,100,74,45,0.456,0,0,0,0,2,
231318,101,87,54,0.635,0,0,0,0,2,
231319,78,49,37,0.238,0,0,0,0,2,
231320,91,50,46,0.369,0,0,0,0,2,
231321,112,95,68,0.735,0,0,0,0,2,
231322,76,71,59,0.402,0,0,0,0,2,
231323,99,80,45,0.471,0,0,0,0,2,
231324,86,83,69,0.501,0,0,0,0,2,
231325,92,57,56,0.437,0,0,0,0,2,
231326,119,91,69,0.791,0,0,0,0,2,
231327,147,102,62,0.888,0,0,0,0,2,
231328,107,86,63,0.739,0,0,0,0,2,
231329,106,90,63,0.849,0,0,0,0,2,
231330,108,95,65,0.732,0,0,0,0,2,
231331,91,70,64,0.57,0,0,0,0,2,
231332,83,73,51,0.385,0,0,0,0,2,
231333,113,87,67,0.851,0,0,0,0,2,
231334,110,88,52,0.701,0,0,0,0,2,
231335,101,92,69,0.758,0,0,0,0,2,
231336,95,91,71,0.694,0,0,0,0,2,
231337,140,85,71,1.179,0,0,0,0,2,
231338,101,76,74,0.666,0,0,0,0,2,
231339,101,86,54,0.69,0,0,0,0,2,
231340,88,70,40,0.423,0,0,0,0,2,
231341,114,64,49,0.631,0,0,0,0,2,
231342,114,75,55,0.619,0,0,0,0,2,
231343,99,74,39,0.512,0,0,0,0,2,
231344,102,88,40,0.439,0,0,0,0,2,
231345,113,90,72,0.863,0,0,0,0,2,
231346,83,73,35,0.278,0,0,0,0,2,
231347,93,76,42,0.38,0,0,0,0,2,
231348,105,75,60,0.514,0,0,0,0,2,
231349,82,93,59,0.47,0,0,0,0,2,
231350,144,90,41,0.869,0,0,0,0,2,
231351,118,112,87,1.032,0,0,0,0,2,
231352,120,80,66,0.717,0,0,0,0,2,
231353,96,85,52,0.573,0,0,0,0,2,
231354,120,90,72,0.896,0,0,0,0,2,
231355,94,72,47,0.395,0,0,0,0,2,
231356,107,105,59,0.54,0,0,0,0,2,
231357,106,87,51,0.571,0,0,0,0,2,
231358,105,101,60,0.674,0,0,0,0,2,
231359,109,77,65,0.54,0,0,0,0,2,
231360,99,67,40,0.345,0,0,0,0,2,
231361,96,74,57,0.506,0,0,0,0,2,
231362,96,81,50,0.449,0,0,0,0,2,
231363,93,88,50,0.539,0,0,0,0,2,
231364,119,87,63,0.886,0,0,0,0,2,
231365,100,75,40,0.368,0,0,0,0,2,
231366,83,74,57,0.484,0,0,0,0,2,
231367,84,77,56,0.426,0,0,0,0,2,
231368,96,84,59,0.579,0,0,0,0,2,
231369,152,93,60,1.115,0,0,0,0,2,
231370,97,77,61,0.589,0,0,0,0,2,
231371,82,82,44,0.417,0,0,0,0,2,
231372,114,95,95,0.94,0,0,0,0,2,
231373,97,87,52,0.545,0,0,0,0,2,
231374,105,102,46,0.671,0,0,0,0,2,
231375,94,87,58,0.666,0,0,0,0,2,
231376,107,74,72,0.55,0,0,0,0,2,
231377,104,84,52,0.586,0,0,0,0,2,
231378,70,63,35,0.227,0,0,0,0,2,
231379,83,69,27,0.194,0,0,0,0,2,
231380,110,78,29,0.28,0,0,0,0,2,
231381,102,85,65,0.583,0,0,0,0,2,
231382,115,88,66,0.692,0,0,0,0,2,
231383,103,74,50,0.331,0,0,0,0,2,
231384,76,63,34,0.242,0,0,0,0,2,
231385,98,79,48,0.443,0,0,0,0,2,
231386,106,79,51,0.568,0,0,0,0,2,
231387,85,67,39,0.314,0,0,0,0,2,
231388,65,64,26,0.184,0,0,0,0,2,
231389,85,71,36,0.342,0,0,0,0,2,
231390,130,87,74,0.99,0,0,0,0,2,
231391,100,76,58,0.559,0,0,0,0,2,
231392,76,66,46,0.414,0,0,0,0,2,
231393,105,85,50,0.577,0,0,0,0,2,
231394,91,79,55,0.441,0,0,0,0,2,
231395,90,89,50,0.432,0,0,0,0,2,
231396,123,90,77,1.006,0,0,0,0,2,
231397,138,78,54,0.827,0,0,0,0,2,
231398,115,85,62,0.675,0,0,0,0,2,
231399,115,69,68,0.765,0,0,0,0,2,
231400,103,78,76,0.797,0,0,0,0,2,
231401,70,64,40,0.281,0,0,0,0,2,
231402,87,74,36,0.319,0,0,0,0,2,
231403,103,79,57,0.459,0,0,0,0,2,
231404,87,68,39,0.343,0,0,0,0,2,
231405,77,70,49,0.372,0,0,0,0,2,
231406,119,117,50,0.714,0,0,0,0,2,
231407,76,67,36,0.339,0,0,0,0,2,
231408,85,78,64,0.474,0,0,0,0,2,
231409,64,64,30,0.211,0,0,0,0,2,
231410,102,87,67,0.644,0,0,0,0,2,
231411,97,74,45,0.546,0,0,0,0,2,
231412,99,97,62,0.708,0,0,0,0,2,
231413,89,75,52,0.388,0,0,0,0,2,
231414,139,95,81,0.901,0,0,0,0,2,
231415,113,90,82,0.925,0,0,0,0,2,
231416,108,75,55,0.636,0,0,0,0,2,
231417,82,74,52,0.474,0,0,0,0,2,
231418,127,94,80,0.965,0,0,0,0,2,
231419,85,73,35,0.361,0,0,0,0,2,
231420,104,78,67,0.62,0,0,0,0,2,
231421,120,92,75,0.871,0,0,0,0,2,
231422,103,77,70,0.677,0,0,0,0,2,
231423,106,90,66,0.759,0,0,0,0,2,
231424,76,64,30,0.255,0,0,0,0,2,
231425,140,95,89,1.425,0,0,0,0,2,
231426,91,89,50,0.444,0,0,0,0,2,
231427,101,83,34,0.252,0,0,0,0,2,
231428,85,78,50,0.394,0,0,0,0,2,
231429,104,78,47,0.476,0,0,0,0,2,
231430,71,68,40,0.305,0,0,0,0,2,
231431,91,54,32,0.338,0,0,0,0,2,
231432,114,73,48,0.513,0,0,0,0,2,
231433,80,66,52,0.393,0,0,0,0,2,
231434,67,65,30,0.22,0,0,0,0,2,
231435,94,83,72,0.521,0,0,0,0,2,
231436,101,70,55,0.428,0,0,0,0,2,
231437,108,73,35,0.45,0,0,0,0,2,
231438,111,82,46,0.591,0,0,0,0,2,
231439,135,90,74,0.958,0,0,0,0,2,
231440,125,69,68,0.714,0,0,0,0,2,
231441,101,74,50,0.541,0,0,0,0,2,
231442,103,81,63,0.623,0,0,0,0,2,
231443,76,69,44,0.339,0,0,0,0,2,
231444,76,71,51,0.365,0,0,0,0,2,
231445,77,72,39,0.342,0,0,0,0,2,
231446,76,64,41,0.352,0,0,0,0,2,
231447,121,83,66,1.091,0,0,0,0,2,
231448,115,80,59,0.665,0,0,0,0,2,
231449,107,82,52,0.58,0,0,0,0,2,
231450,107,74,57,0.579,0,0,0,0,2,
231451,70,62,40,0.287,0,0,0,0,2,
231452,97,75,50,0.519,0,0,0,0,2,
231453,79,75,68,0.427,0,0,0,0,2,
231454,125,95,60,0.795,0,0,0,0,2,
231455,120,81,75,0.917,0,0,0,0,2,
231456,90,60,50,0.455,0,0,0,0,2,
231457,101,70,33,0.378,0,0,0,0,2,
231458,131,95,52,0.939,0,0,0,0,2,
231459,99,71,34,0.365,0,0,0,0,2,
231460,136,75,62,0.845,0,0,0,0,2,
231461,105,77,50,0.617,0,0,0,0,2,
231462,84,62,49,0.358,0,0,0,0,2,
231463,93,66,32,0.334,0,0,0,0,2,
231464,106,101,83,0.74,0,0,0,0,2,
231465,95,67,32,0.295,0,0,0,0,2,
231466,84,66,43,0.428,0,0,0,0,2,
231467,102,75,74,0.485,0,0,0,0,2,
231468,98,83,34,0.381,0,0,0,0,2,
231469,106,86,74,0.789,0,0,0,0,2,
231470,111,82,80,0.709,0,0,0,0,2,
231471,105,87,64,0.684,0,0,0,0,2,
231472,145,89,70,1.394,0,0,0,0,2,
231473,112,66,34,0.39,0,0,0,0,2,
231474,71,56,38,0.235,0,0,0,0,2,
231475,88,65,40,0.309,0,0,0,0,2,
231476,118,95,65,0.76,0,0,0,0,2,
231477,76,61,34,0.288,0,0,0,0,2,
231478,119,90,60,0.864,0,0,0,0,2,
231479,107,87,43,0.562,0,0,0,0,2,
231480,109,68,51,0.525,0,0,0,0,2,
231481,123,83,46,0.68,0,0,0,0,2,
231482,97,77,65,0.459,0,0,0,0,2,
231483,97,77,46,0.462,0,0,0,0,2,
231484,90,89,40,0.355,0,0,0,0,2,
231485,103,78,59,0.483,0,0,0,0,2,
231486,80,60,52,0.363,0,0,0,0,2,
231487,149,80,53,0.72,0,0,0,0,2,
231488,126,87,71,1.095,0,0,0,0,2,
231489,104,88,76,0.713,0,0,0,0,2,
231490,110,106,49,0.596,0,0,0,0,2,
231491,96,70,64,0.49,0,0,0,0,2,
231492,110,96,70,0.925,0,0,0,0,2,
231493,109,113,45,0.65,0,0,0,0,2,
231494,105,86,34,0.369,0,0,0,0,2,
231495,94,93,54,0.636,0,0,0,0,2,
231496,108,90,63,0.666,0,0,0,0,2,
231497,91,82,42,0.392,0,0,0,0,2,
231498,83,70,41,0.384,0,0,0,0,2,
231499,74,63,58,0.36,0,0,0,0,2,
231500,124,85,64,0.845,0,0,0,0,2,
231501,92,75,33,0.333,0,0,0,0,2,
231502,96,50,35,0.331,0,0,0,0,2,
231503,89,83,35,0.271,0,0,0,0,2,
231504,86,79,37,0.363,0,0,0,0,2,
231505,77,66,49,0.356,0,0,0,0,2,
231506,94,83,40,0.422,0,0,0,0,2,
231507,100,85,63,0.686,0,0,0,0,2,
231508,98,71,51,0.538,0,0,0,0,2,
231509,79,72,37,0.338,0,0,0,0,2,
231510,100,58,46,0.337,0,0,0,0,2,
231511,116,79,42,0.521,0,0,0,0,2,
231512,94,76,68,0.572,0,0,0,0,2,
231513,110,72,37,0.5,0,0,0,0,2,
231514,107,87,73,0.977,0,0,0,0,2,
231515,111,94,75,0.957,0,0,0,0,2,
231516,87,80,60,0.534,0,0,0,0,2,
231517,128,85,80,1.071,0,0,0,0,2,
231518,115,84,73,0.928,0,0,0,0,2,
231519,117,90,83,0.913,0,0,0,0,2,
231520,125,103,75,1.134,0,0,0,0,2,
231521,101,75,46,0.497,0,0,0,0,2,
231522,88,74,49,0.461,0,0,0,0,2,
231523,96,88,65,0.695,0,0,0,0,2,
231524,86,76,56,0.409,0,0,0,0,2,
231525,100,88,45,0.591,0,0,0,0,2,
231526,90,74,46,0.466,0,0,0,0,2,
231527,85,65,50,0.403,0,0,0,0,2,
231528,123,90,46,0.623,0,0,0,0,2,
231529,94,77,53,0.479,0,0,0,0,2,
231530,102,72,47,0.553,0,0,0,0,2,
231531,93,96,48,0.408,0,0,0,0,2,
231532,109,94,48,0.607,0,0,0,0,2,
231533,158,91,73,1.447,0,0,0,0,2,
231534,82,72,45,0.369,0,0,0,0,2,
231535,120,84,65,0.781,0,0,0,0,2,
231536,127,85,86,0.696,0,0,0,0,2,
231537,118,74,70,0.696,0,0,0,0,2,
231538,123,85,35,0.49,0,0,0,0,2,
231539,130,84,55,0.871,0,0,0,0,2,
231540,108,76,70,0.704,0,0,0,0,2,
231541,96,56,37,0.378,0,0,0,0,2,
231542,96,67,44,0.39,0,0,0,0,2,
231543,84,66,45,0.431,0,0,0,0,2,
231544,113,94,80,0.817,0,0,0,0,2,
231545,109,105,90,0.969,0,0,0,0,2,
231546,118,67,59,0.543,0,0,0,0,2,
231547,109,65,45,0.537,0,0,0,0,2,
231548,86,66,38,0.32,0,0,0,0,2,
231549,112,93,66,0.934,0,0,0,0,2,
231550,120,92,79,1.171,0,0,0,0,2,
231551,91,83,59,0.565,0,0,0,0,2,
231552,118,91,78,0.948,0,0,0,0,2,
231553,115,81,38,0.596,0,0,0,0,2,
231554,132,102,51,0.918,0,0,0,0,2,
231555,113,79,73,0.697,0,0,0,0,2,
231556,160,87,55,1.078,0,0,0,0,2,
231557,119,68,48,0.464,0,0,0,0,2,
231558,115,95,68,0.817,0,0,0,0,2,
231559,81,64,52,0.35,0,0,0,0,2,
231560,90,75,70,0.561,0,0,0,0,2,
231561,89,69,45,0.371,0,0,0,0,2,
231562,77,64,43,0.318,0,0,0,0,2,
231563,122,78,75,0.82,0,0,0,0,2,
231564,84,69,51,0.458,0,0,0,0,2,
231565,91,68,65,0.411,0,0,0,0,2,
231566,95,80,63,0.557,0,0,0,0,2,
231567,95,85,56,0.501,0,0,0,0,2,
231568,96,85,63,0.647,0,0,0,0,2,
231569,153,102,80,1.328,0,0,0,0,2,
231570,102,86,40,0.378,0,0,0,0,2,
231571,103,87,63,0.771,0,0,0,0,2,
231572,111,93,75,0.876,0,0,0,0,2,
231573,95,75,73,0.612,0,0,0,0,2,
231574,91,71,46,0.454,0,0,0,0,2,
231575,66,64,44,0.361,0,0,0,0,2,
231576,99,81,45,0.389,0,0,0,0,2,
231577,112,78,41,0.492,0,0,0,0,2,
231578,111,82,57,0.732,0,0,0,0,2,
231579,116,83,79,0.795,0,0,0,0,2,
231580,130,75,47,0.852,0,0,0,0,2,
231581,73,60,41,0.348,0,0,0,0,2,
231582,117,79,42,0.385,0,0,0,0,2,
231583,114,74,62,0.916,0,0,0,0,2,
231584,106,75,68,0.737,0,0,0,0,2,
231585,72,72,28,0.197,0,0,0,0,2,
231586,160,91,73,1.074,0,0,0,0,2,
231587,107,69,33,0.322,0,0,0,0,2,
231588,80,64,44,0.324,0,0,0,0,2,
231589,134,60,44,0.457,0,0,0,0,2,
231590,92,81,35,0.304,0,0,0,0,2,
231591,120,89,90,0.75,0,0,0,0,2,
231592,138,79,43,0.784,0,0,0,0,2,
231593,121,85,36,0.491,0,0,0,0,2,
231594,97,75,53,0.574,0,0,0,0,2,
231595,100,93,50,0.603,0,0,0,0,2,
231596,70,69,58,0.357,0,0,0,0,2,
231597,81,64,34,0.197,0,0,0,0,2,
231598,64,59,34,0.182,0,0,0,0,2,
231599,105,79,61,0.651,0,0,0,0,2,
231600,122,88,47,0.427,0,0,0,0,2,
231601,133,82,45,0.527,0,0,0,0,2,
231602,96,68,46,0.432,0,0,0,0,2,
231603,112,84,44,0.452,0,0,0,0,2,
231604,127,122,61,1.006,0,0,0,0,2,
231605,120,69,37,0.432,0,0,0,0,2,
231606,101,75,31,0.297,0,0,0,0,2,
231607,80,66,33,0.267,0,0,0,0,2,
231608,92,74,45,0.354,0,0,0,0,2,
231609,92,92,59,0.516,0,0,0,0,2,
231610,101,73,48,0.551,0,0,0,0,2,
231611,73,72,42,0.413,0,0,0,0,2,
231612,128,86,83,1.214,0,0,0,0,2,
231613,126,85,63,0.79,0,0,0,0,2,
231614,111,95,69,0.956,0,0,0,0,2,
231615,89,83,48,0.475,0,0,0,0,2,
231616,90,69,45,0.404,0,0,0,0,2,
231617,97,67,72,0.642,0,0,0,0,2,
231618,107,92,68,0.835,0,0,0,0,2,
231619,96,78,59,0.567,0,0,0,0,2,
231620,115,101,99,1.342,0,0,0,0,2,
231621,108,95,65,0.74,0,0,0,0,2,
231622,119,89,50,0.611,0,0,0,0,2,
231623,85,79,45,0.466,0,0,0,0,2,
231624,104,79,68,0.63,0,0,0,0,2,
231625,93,92,53,0.509,0,0,0,0,2,
231626,121,93,62,0.903,0,0,0,0,2,
231627,98,77,47,0.543,0,0,0,0,2,
231628,106,80,76,0.565,0,0,0,0,2,
231629,80,76,45,0.514,0,0,0,0,2,
231630,109,80,56,0.608,0,0,0,0,2,
231631,102,73,72,0.624,0,0,0,0,2,
231632,104,87,45,0.601,0,0,0,0,2,
231633,100,75,45,0.555,0,0,0,0,2,
231634,82,74,61,0.48,0,0,0,0,2,
231635,125,82,58,0.801,0,0,0,0,2,
231636,95,80,35,0.339,0,0,0,0,2,
231637,107,85,54,0.634,0,0,0,0,2,
231638,113,89,52,0.528,0,0,0,0,2,
231639,110,67,50,0.461,0,0,0,0,2,
231640,101,74,46,0.578,0,0,0,0,2,
231641,134,89,69,0.953,0,0,0,0,2,
231642,103,90,53,0.587,0,0,0,0,2,
231643,95,94,47,0.567,0,0,0,0,2,
231644,97,79,69,0.653,0,0,0,0,2,
231645,104,95,65,0.802,0,0,0,0,2,
231646,170,97,97,1.89,0,0,0,0,2,
231647,91,89,42,0.443,0,0,0,0,2,
231648,103,77,56,0.648,0,0,0,0,2,
231649,73,65,52,0.376,0,0,0,0,2,
231650,180,127,73,2.357,0,0,0,0,2,
231651,120,111,61,1.198,0,0,0,0,2,
231652,126,98,90,1.516,0,0,0,0,2,
231653,104,93,40,0.52,0,0,0,0,2,
231654,144,121,58,1.356,0,0,0,0,2,
231655,160,145,90,2.277,0,0,0,0,2,
231656,127,118,81,1.361,0,0,0,0,2,
231657,145,145,120,2.674,0,0,0,0,2,
231658,120,107,76,1.198,0,0,0,0,2,
231659,170,140,86,2.828,0,0,0,0,2,
231660,111,107,82,1.267,0,0,0,0,2,
231661,185,130,125,3.31,0,0,0,0,2,
231662,134,106,105,1.326,0,0,0,0,2,
231663,117,107,58,1.08,0,0,0,0,2,
231664,100,100,83,1.011,0,0,0,0,2,
231665,160,130,100,2.431,0,0,0,0,2,
231666,143,103,66,1.318,0,0,0,0,2,
231667,138,126,88,1.703,0,0,0,0,2,
231668,116,99,48,0.707,0,0,0,0,2,
231669,130,112,84,1.485,0,0,0,0,2,
231670,139,120,67,1.538,0,0,0,0,2,
231671,210,126,110,2.776,0,0,0,0,2,
231672,146,114,90,1.82,0,0,0,0,2,
231673,114,96,66,0.96,0,0,0,0,2,
231674,140,215,75,1.687,0,0,0,0,2,
231675,145,137,112,2.795,0,0,0,0,2,
231676,132,110,85,1.562,0,0,0,0,2,
231677,135,95,78,1.424,0,0,0,0,2,
231678,116,112,59,1.092,0,0,0,0,2,
231679,140,104,90,1.89,0,0,0,0,2,
231680,140,111,75,1.776,0,0,0,0,2,
231681,138,103,90,1.712,0,0,0,0,2,
231682,152,114,90,1.947,0,0,0,0,2,
231683,152,93,78,1.192,0,0,0,0,2,
231684,137,100,83,1.488,0,0,0,0,2,
231685,135,85,52,0.933,0,0,0,0,2,
231686,135,112,51,0.934,0,0,0,0,2,
231687,190,125,44,1.342,0,0,0,0,2,
231688,160,128,78,1.669,0,0,0,0,2,
231689,116,92,51,0.716,0,0,0,0,2,
231690,122,107,60,1.029,0,0,0,0,2,
231691,133,125,93,1.84,0,0,0,0,2,
231692,125,106,71,1.194,0,0,0,0,2,
231693,114,112,51,0.901,0,0,0,0,2,
231694,122,101,64,0.943,0,0,0,0,2,
231695,146,101,55,1.311,0,0,0,0,2,
231696,110,92,64,0.786,0,0,0,0,2,
231697,105,101,59,0.828,0,0,0,0,2,
231698,180,114,73,2.257,0,0,0,0,2,
231699,121,119,78,1.219,0,0,0,0,2,
231700,117,109,60,1.068,0,0,0,0,2,
231701,116,102,85,1.27,0,0,0,0,2,
231702,117,100,54,0.873,0,0,0,0,2,
231703,155,110,88,2.256,0,0,0,0,2,
231704,151,110,94,1.881,0,0,0,0,2,
231705,200,125,90,2.97,0,0,0,0,2,
231706,154,97,85,1.601,0,0,0,0,2,
231707,128,108,75,1.492,0,0,0,0,2,
231708,185,135,39,1.233,0,0,0,0,2,
231709,124,98,64,1.05,0,0,0,0,2,
231710,138,119,59,1.15,0,0,0,0,2,
231711,143,121,87,1.951,0,0,0,0,2,
231712,113,87,61,0.816,0,0,0,0,2,
231713,150,122,63,1.574,0,0,0,0,2,
231714,122,97,42,0.751,0,0,0,0,2,
231715,111,106,55,0.823,0,0,0,0,2,
231716,120,94,60,0.729,0,0,0,0,2,
231717,135,97,66,1.23,0,0,0,0,2,
231718,155,130,60,1.571,0,0,0,0,2,
231719,123,96,53,0.817,0,0,0,0,2,
231720,109,106,46,0.721,0,0,0,0,2,
231721,149,120,68,1.429,0,0,0,0,2,
231722,115,105,34,0.559,0,0,0,0,2,
231723,115,106,62,1.059,0,0,0,0,2,
231724,150,125,67,1.736,0,0,0,0,2,
231725,136,110,64,1.049,0,0,0,0,2,
231726,121,105,66,1.055,0,0,0,0,2,
231727,160,126,55,1.488,0,0,0,0,2,
231728,195,100,71,2.063,0,0,0,0,2,
231729,150,126,70,1.683,0,0,0,0,2,
231730,16,160,102,3.024,0,0,0,0,2,
231731,175,103,59,1.478,0,0,0,0,2,
231732,132,108,64,1.368,0,0,0,0,2,
231733,124,116,71,0.959,0,0,0,0,2,
231734,100,95,75,0.969,0,0,0,0,2,
231735,250,110,96,3.767,0,0,0,0,2,
231736,137,101,52,0.888,0,0,0,0,2,
231737,126,104,64,0.946,0,0,0,0,2,
231738,130,106,53,1.164,0,0,0,0,2,
231739,148,130,69,1.373,0,0,0,0,2,
231740,103,99,62,0.796,0,0,0,0,2,
231741,150,107,85,1.937,0,0,0,0,2,
231742,130,130,77,1.983,0,0,0,0,2,
231743,113,104,57,0.917,0,0,0,0,2,
231744,155,130,95,1.709,0,0,0,0,2,
231745,135,105,77,1.398,0,0,0,0,2,
231746,134,110,68,1.208,0,0,0,0,2,
231747,135,103,71,1.792,0,0,0,0,2,
231748,110,103,94,1.188,0,0,0,0,2,
231749,125,119,86,1.441,0,0,0,0,2,
231750,200,131,76,2.508,0,0,0,0,2,
231751,170,160,108,3.187,0,0,0,0,2,
231752,225,170,88,3.638,0,0,0,0,2,
231753,205,145,80,3.008,0,0,0,0,2,
231754,180,130,115,3.687,0,0,0,0,2,
231755,210,115,73,1.944,0,0,0,0,2,
231756,190,155,93,3.616,0,0,0,0,2,
231757,230,153,112,5.266,0,0,0,0,2,
231758,190,140,110,3.073,0,0,0,0,2,
231759,1,1,1,2.541,0,0,0,0,2,
231760,195,151,98,4.534,0,0,0,0,2,
231761,215,195,38,1.979,0,0,0,0,2,
231762,175,142,91,3.376,0,0,0,0,2,
231763,160,145,90,2.12,0,0,0,0,2,
231764,250,165,135,5.644,0,0,0,0,2,
231765,210,160,85,4.072,0,0,0,0,2,
231766,210,160,110,4.193,0,0,0,0,2,
231767,225,180,86,3.598,0,0,0,0,2,
231768,195,130,110,3.679,0,0,0,0,2,
231769,195,170,100,3.477,0,0,0,0,2,
231770,245,170,125,3.713,0,0,0,0,2,
231771,210,180,65,2.72,0,0,0,0,2,
231772,205,180,82,4.264,0,0,0,0,2,
231773,255,155,120,3.939,0,0,0,0,2,
231774,190,150,93,2.991,0,0,0,0,2,
231775,175,137,108,4.051,0,0,0,0,2,
231776,185,135,113,3.249,0,0,0,0,2,
231777,285,200,82,5.3,0,0,0,0,2,
231778,210,165,130,4.192,0,0,0,0,2,
231779,175,140,95,2.262,0,0,0,0,2,
231780,220,170,110,4.839,0,0,0,0,2,
231781,205,160,140,4.086,0,0,0,0,2,
231782,250,225,75,3.369,0,0,0,0,2,
231783,230,154,85,3.857,0,0,0,0,2,
231784,185,150,72,2.651,0,0,0,0,2,
231785,180,175,69,2.335,0,0,0,0,2,
231786,240,165,155,5.508,0,0,0,0,2,
231787,175,145,100,3.367,0,0,0,0,2,
231788,220,180,106,4.589,0,0,0,0,2,
231789,215,170,95,3.935,0,0,0,0,2,
231790,195,126,87,2.46,0,0,0,0,2,
231791,190,160,83,2.748,0,0,0,0,2,
231792,180,175,155,7.535,0,0,0,0,2,
231793,185,160,125,5.74,0,0,0,0,2,
231794,195,170,110,5.015,0,0,0,0,2,
231795,210,130,84,4.165,0,0,0,0,2,
231796,170,165,83,3.63,0,0,0,0,2,
231797,150,145,120,3.545,0,0,0,0,2,
231798,190,155,110,4.615,0,0,0,0,2,
231799,180,170,105,4.285,0,0,0,0,2,
231800,160,150,91,3.585,0,0,0,0,2,
231801,190,160,115,4.61,0,0,0,0,2,
231802,195,140,99,3.415,0,0,0,0,2,
231803,200,160,89,3.675,0,0,0,0,2,
231804,190,135,59,1.83,0,0,0,0,2,
231805,245,170,96,6.07,0,0,0,0,2,
231806,165,150,110,4.41,0,0,0,0,2,
231807,190,145,90,3.74,0,0,0,0,2,
231808,160,150,60,2.74,0,0,0,0,2,
231809,145,140,100,3.04,0,0,0,0,2,
231810,150,135,110,4.79,0,0,0,0,2,
231811,190,160,120,5.18,0,0,0,0,2,
231812,130,130,83,2.23,0,0,0,0,2,
231813,145,145,115,4.525,0,0,0,0,2,
231814,210,160,105,4.935,0,0,0,0,2,
231815,200,175,110,6.24,0,0,0,0,2,
231816,190,145,105,4.413,0,0,0,0,2,
231817,155,150,93,2.768,0,0,0,0,2,
231818,180,135,100,3.552,0,0,0,0,2,
231819,215,145,125,5.229,0,0,0,0,2,
231820,210,160,105,6.034,0,0,0,0,2,
231821,205,175,110,4.967,0,0,0,0,2,
231822,185,165,140,4.8,0,0,0,0,2,
231823,175,175,110,5.276,0,0,0,0,2,
231824,235,140,57,2.898,0,0,0,0,2,
231825,240,145,84,4.163,0,0,0,0,2,
231826,200,145,100,4.003,0,0,0,0,2,
231827,180,155,97,4.034,0,0,0,0,2,
231828,195,180,92,5.087,0,0,0,0,2,
231829,185,175,110,5.164,0,0,0,0,2,
231830,200,160,81,4.33,0,0,0,0,2,
231831,175,150,93,3.229,0,0,0,0,2,
231832,150,140,115,2.626,0,0,0,0,2,
231833,170,145,105,4.035,0,0,0,0,2,
231834,170,145,100,3.719,0,0,0,0,2,
231835,215,145,120,5.067,0,0,0,0,2,
231836,210,160,115,4.658,0,0,0,0,2,
231837,245,145,70,3.614,0,0,0,0,2,
231838,165,140,115,4.16,0,0,0,0,2,
231839,200,175,135,5.113,0,0,0,0,2,
231840,175,145,115,3.874,0,0,0,0,2,
231841,170,130,110,3.344,0,0,0,0,2,
231842,205,165,80,3.142,0,0,0,0,2,
231843,280,130,120,8.171,0,0,0,0,2,
231844,160,155,105,3.943,0,0,0,0,2,
231845,200,155,115,6.11,0,0,0,0,2,
231846,220,180,100,4.784,0,0,0,0,2,
231847,170,165,105,4.808,0,0,0,0,2,
231848,195,155,105,4.87,0,0,0,0,2,
231849,185,175,140,7.229,0,0,0,0,2,
231850,180,155,100,4.238,0,0,0,0,2,
231851,190,160,115,6.306,0,0,0,0,2,
231852,180,150,110,3.517,0,0,0,0,2,
231853,210,180,150,8.441,0,0,0,0,2,
231854,195,185,105,6.407,0,0,0,0,2,
231855,210,150,145,5.592,0,0,0,0,2,
231856,205,165,105,4.311,0,0,0,0,2,
231857,200,180,100,5.925,0,0,0,0,2,
231858,240,130,130,7.429,0,0,0,0,2,
231859,200,180,80,3.385,0,0,0,0,2,
231860,215,180,75,4.074,0,0,0,0,2,
231861,200,145,100,5.745,0,0,0,0,2,
231862,195,165,120,5.169,0,0,0,0,2,
231863,200,175,125,4.031,0,0,0,0,2,
231864,165,145,135,3.652,0,0,0,0,2,
231865,250,145,130,6.357,0,0,0,0,2,
231866,200,150,100,4.898,0,0,0,0,2,
231867,195,170,110,5.423,0,0,0,0,2,
231868,225,170,110,5.915,0,0,0,0,2,
231869,190,150,94,4.812,0,0,0,0,2,
231870,195,150,80,3.704,0,0,0,0,2,
231871,185,130,105,4.542,0,0,0,0,2,
231872,240,160,160,7.968,0,0,0,0,2,
231873,160,145,67,2.395,0,0,0,0,2,
231874,170,160,150,7.295,0,0,0,0,2,
231875,190,145,125,4.495,0,0,0,0,2,
231876,200,140,115,4.261,0,0,0,0,2,
231877,205,165,105,2.982,0,0,0,0,2,
231878,205,155,120,6.128,0,0,0,0,2,
231879,200,160,115,6.49,0,0,0,0,2,
231880,195,160,100,4.538,0,0,0,0,2,
231881,160,150,120,4.496,0,0,0,0,2,
231882,195,135,135,5.534,0,0,0,0,2,
231883,205,140,135,4.779,0,0,0,0,2,
231884,160,145,80,2.279,0,0,0,0,2,
231885,170,150,90,3.587,0,0,0,0,2,
231886,180,160,120,5.213,0,0,0,0,2,
231887,235,145,130,5.49,0,0,0,0,2,
231888,195,150,90,2.952,0,0,0,0,2,
231889,180,165,115,3.373,0,0,0,0,2,
231890,180,135,90,2.336,0,0,0,0,2,
231891,155,140,95,2.548,0,0,0,0,2,
231892,170,155,110,3.842,0,0,0,0,2,
231893,195,140,88,3.28,0,0,0,0,2,
231894,240,140,71,4.678,0,0,0,0,2,
231895,205,155,115,6.907,0,0,0,0,2,
231896,200,130,65,2.351,0,0,0,0,2,
231897,180,160,90,3.378,0,0,0,0,2,
231898,385,175,130,11.537,0,0,0,0,2,
231899,175,150,105,5.068,0,0,0,0,2,
231900,180,150,110,3.287,0,0,0,0,2,
231901,225,150,115,5.171,0,0,0,0,2,
231902,160,150,72,3.174,0,0,0,0,2,
231903,200,170,105,6.31,0,0,0,0,2,
231904,190,145,90,3.149,0,0,0,0,2,
231905,235,150,130,7.143,0,0,0,0,2,
231906,165,150,100,3.301,0,0,0,0,2,
231907,215,150,105,5.345,0,0,0,0,2,
231908,140,130,105,2.933,0,0,0,0,2,
231909,280,135,100,4.717,0,0,0,0,2,
231910,170,140,70,2.248,0,0,0,0,2,
231911,165,160,85,2.834,0,0,0,0,2,
231912,200,135,120,5.161,0,0,0,0,2,
231913,210,160,105,5.598,0,0,0,0,2,
231914,175,160,80,2.809,0,0,0,0,2,
231915,220,180,95,6.44,0,0,0,0,2,
231916,185,160,100,4.175,0,0,0,0,2,
231917,195,150,110,4.825,0,0,0,0,2,
231918,220,150,135,5.735,0,0,0,0,2,
231919,205,135,96,3.915,0,0,0,0,2,
231920,180,150,92,4.305,0,0,0,0,2,
231921,165,145,120,3.743,0,0,0,0,2,
231922,160,140,115,3.166,0,0,0,0,2,
231923,175,155,75,3.273,0,0,0,0,2,
231924,200,160,130,5.262,0,0,0,0,2,
231925,215,170,135,5.965,0,0,0,0,2,
231926,180,150,120,5.32,0,0,0,0,2,
231927,160,130,130,3.282,0,0,0,0,2,
231928,160,130,105,3.49,0,0,0,0,2,
231929,155,155,65,2.165,0,0,0,0,2,
231930,195,150,87,4.592,0,0,0,0,2,
231931,200,145,105,4.895,0,0,0,0,2,
231932,165,140,85,2.462,0,0,0,0,2,
231933,180,130,110,3.409,0,0,0,0,2,
231934,175,170,125,4.785,0,0,0,0,2,
231935,215,160,90,4.193,0,0,0,0,2,
231936,175,160,135,4.24,0,0,0,0,2,
231937,180,145,100,3.793,0,0,0,0,2,
231938,170,140,62,2.225,0,0,0,0,2,
231939,195,130,115,3.99,0,0,0,0,2,
231940,200,145,115,4.335,0,0,0,0,2,
231941,195,150,125,5.765,0,0,0,0,2,
231942,175,130,105,3.275,0,0,0,0,2,
231943,140,135,98,3.23,0,0,0,0,2,
231944,210,150,105,4.237,0,0,0,0,2,
231945,190,155,80,2.68,0,0,0,0,2,
231946,205,135,94,4.952,0,0,0,0,2,
231947,140,140,105,3.245,0,0,0,0,2,
231948,190,150,120,5.646,0,0,0,0,2,
231949,145,145,65,2.65,0,0,0,0,2,
231950,210,155,145,6.82,0,0,0,0,2,
231951,225,200,155,11.76,0,0,0,0,2,
231952,245,205,170,11.81,0,0,0,0,2,
231953,225,185,125,8.175,0,0,0,0,2,
231954,315,255,205,22.37,0,0,0,0,2,
231955,280,215,215,15.81,0,0,0,0,2,
231956,310,185,68,5.51,0,0,0,0,2,
231957,275,190,160,10.6,0,0,0,0,2,
231958,200,195,105,5.395,0,0,0,0,2,
231959,285,205,145,8.96,0,0,0,0,2,
231960,220,180,135,7.91,0,0,0,0,2,
231961,215,190,155,8.9,0,0,0,0,2,
231962,205,195,150,8.56,0,0,0,0,2,
231963,255,195,160,11.065,0,0,0,0,2,
231964,195,190,140,7.105,0,0,0,0,2,
231965,285,205,87,8.105,0,0,0,0,2,
231966,355,200,140,16.05,0,0,0,0,2,
231967,275,200,135,8.48,0,0,0,0,2,
231968,235,200,140,7.89,0,0,0,0,2,
231969,245,185,91,6.52,0,0,0,0,2,
231970,245,225,120,9.395,0,0,0,0,2,
231971,200,200,150,7.755,0,0,0,0,2,
231972,250,215,195,13.705,0,0,0,0,2,
231973,280,190,180,15.105,0,0,0,0,2,
231974,300,200,105,7.505,0,0,0,0,2,
231975,285,195,155,10.425,0,0,0,0,2,
231976,235,205,110,6.045,0,0,0,0,2,
231977,285,190,145,10.485,0,0,0,0,2,
231978,285,185,97,7.395,0,0,0,0,2,
231979,250,195,160,11.27,0,0,0,0,2,
231980,225,190,125,6.665,0,0,0,0,2,
231981,270,205,88,6.76,0,0,0,0,2,
231982,245,200,140,8.095,0,0,0,0,2,
231983,220,195,160,9.07,0,0,0,0,2,
231984,250,185,145,8.49,0,0,0,0,2,
231985,280,210,107,8.065,0,0,0,0,2,
231986,325,220,185,17.725,0,0,0,0,2,
231987,295,205,170,16.085,0,0,0,0,2,
231988,275,180,135,8.85,0,0,0,0,2,
231989,295,228,155,15.35,0,0,0,0,2,
231990,175,215,108,8.595,0,0,0,0,2,
231991,280,182,146,10.88,0,0,0,0,2,
231992,230,215,170,10.265,0,0,0,0,2,
231993,250,208,112,8.235,0,0,0,0,2,
231994,295,235,158,15.85,0,0,0,0,2,
231995,225,195,153,9.805,0,0,0,0,2,
231996,330,155,138,11.77,0,0,0,0,2,
231997,235,210,155,7.76,0,0,0,0,2,
231998,200,183,130,7.47,0,0,0,0,2,
231999,320,230,122,15.58,0,0,0,0,2,
